31.8054254,34.7817192,0.0,0.0,0.0,0.0,0.0,0.0,,  
31.8054254,34.7817192,0.0,0.0,0.0,0.0,0.0,0.0,,  
31.8054254,34.7817192,0.0,0.0,0.0,0.0,0.0,0.0,,  
31.8054254,34.7817192,0.0,0.0,0.0,0.0,0.0,0.0,,  
31.8054254,34.7817192,0.0,0.0,0.0,0.0,0.0,0.0,,  
31.8054254,34.7817192,0.0,0.0,0.0,0.0,0.0,0.0,,  
31.8054254,34.7817192,0.0,0.0,0.0,0.0,0.0,0.0,,  
31.8054254,34.7817192,0.0,0.0,0.0,0.0,0.0,0.0,,  
31.8054254,34.7817192,0.0,0.0,0.0,0.0,0.0,0.0,,  
31.8054254,34.7817192,0.0,0.0,0.0,0.0,0.0,0.0,,  
31.8054254,34.7817192,0.0,0.0,0.0,-0.011514833196997643,0.1933220475912094,0.05685844644904137,,  
31.8054254,34.7817192,0.0,0.0,0.0,-0.011514833196997643,0.1933220475912094,0.05685844644904137,,  
31.8054254,34.7817192,0.0,0.0,0.0,-0.011514833196997643,0.1933220475912094,0.05685844644904137,,  
31.8054254,34.7817192,0.0,0.0,0.0,-0.011514833196997643,0.1933220475912094,0.05685844644904137,,  
31.8054254,34.7817192,0.0,0.0,0.0,-0.011514833196997643,0.1933220475912094,0.05685844644904137,,  
31.8054254,34.7817192,0.0,0.0,0.0,-0.011514833196997643,0.1933220475912094,0.05685844644904137,,  
31.8054254,34.7817192,0.0,0.0,0.0,-0.011514833196997643,0.1933220475912094,0.05685844644904137,,  
31.8054254,34.7817192,0.0,0.0,0.0,-0.011514833196997643,0.1933220475912094,0.05685844644904137,,  
31.8054254,34.7817192,0.0,0.0,0.0,-0.011514833196997643,0.1933220475912094,0.05685844644904137,,  
31.8054254,34.7817192,0.0,0.0,0.0,-0.011514833196997643,0.1933220475912094,0.05685844644904137,,  
31.8054254,34.7817192,0.0,0.0,0.0,-0.011514833196997643,0.1933220475912094,0.05685844644904137,,  
31.8054254,34.7817192,0.0,0.0,0.0,-0.011514833196997643,0.1933220475912094,0.05685844644904137,,  
31.8054254,34.7817192,0.0,0.0,0.0,-0.011514833196997643,0.1933220475912094,0.05685844644904137,,  
31.8054254,34.7817192,0.0,0.0,0.0,-0.011514833196997643,0.1933220475912094,0.05685844644904137,,  
31.8054254,34.7817192,0.0,0.0,0.0,-0.011514833196997643,0.1933220475912094,0.05685844644904137,,  
31.8054254,34.7817192,0.0,0.0,0.0,-0.011514833196997643,0.1933220475912094,0.05685844644904137,,  
31.8054254,34.7817192,0.0,0.0,0.0,-0.011514833196997643,0.1933220475912094,0.05685844644904137,,  
31.8054254,34.7817192,0.0,0.0,0.0,-0.011514833196997643,0.1933220475912094,0.05685844644904137,,  
31.8054254,34.7817192,0.0,0.0,0.0,-0.011514833196997643,0.1933220475912094,0.05685844644904137,,  
31.8054254,34.7817192,0.0,0.0,0.0,-0.011514833196997643,0.1933220475912094,0.05685844644904137,,  
31.8054254,34.7817192,0.0,0.0,0.0,-0.21599216759204865,-0.7065061330795288,-0.3247721791267395,,  
31.8054254,34.7817192,0.0,0.0,0.0,-0.21599216759204865,-0.7065061330795288,-0.3247721791267395,,  
31.8054254,34.7817192,0.0,0.0,0.0,-0.21599216759204865,-0.7065061330795288,-0.3247721791267395,,  
31.8054254,34.7817192,0.0,0.0,0.0,-0.21599216759204865,-0.7065061330795288,-0.3247721791267395,,  
31.8054254,34.7817192,0.0,0.0,0.0,-0.21599216759204865,-0.7065061330795288,-0.3247721791267395,,  
31.8054254,34.7817192,0.0,0.0,0.0,-0.21599216759204865,-0.7065061330795288,-0.3247721791267395,,  
31.8054254,34.7817192,0.0,0.0,0.0,-0.21599216759204865,-0.7065061330795288,-0.3247721791267395,,  
31.8054254,34.7817192,0.0,0.0,0.0,-0.21599216759204865,-0.7065061330795288,-0.3247721791267395,,  
31.8054254,34.7817192,0.0,0.0,0.0,-0.21599216759204865,-0.7065061330795288,-0.3247721791267395,,  
31.8054254,34.7817192,0.0,0.0,0.0,-0.21599216759204865,-0.7065061330795288,-0.3247721791267395,,  
31.8054254,34.7817192,0.0,0.0,0.0,-0.21599216759204865,-0.7065061330795288,-0.3247721791267395,,  
31.8054254,34.7817192,0.0,0.0,0.0,-0.21599216759204865,-0.7065061330795288,-0.3247721791267395,,  
31.8054254,34.7817192,0.0,0.0,0.0,-0.21599216759204865,-0.7065061330795288,-0.3247721791267395,,  
31.8054254,34.7817192,0.0,0.0,0.0,-0.21599216759204865,-0.7065061330795288,-0.3247721791267395,,  
31.8054254,34.7817192,0.0,0.0,0.0,-0.21599216759204865,-0.7065061330795288,-0.3247721791267395,,  
31.8054254,34.7817192,0.0,0.0,0.0,-0.21599216759204865,-0.7065061330795288,-0.3247721791267395,,  
31.8054254,34.7817192,0.0,0.0,0.0,-0.21599216759204865,-0.7065061330795288,-0.3247721791267395,,  
31.8054254,34.7817192,0.0,0.0,0.0,-0.21599216759204865,-0.7065061330795288,-0.3247721791267395,,  
31.8054254,34.7817192,0.0,0.0,0.0,-0.21599216759204865,-0.7065061330795288,-0.3247721791267395,,  
31.8054254,34.7817192,0.0,0.0,0.0,0.22116534411907196,0.47449833154678345,0.36506587266921997,,  
31.8054254,34.7817192,0.0,0.0,0.0,0.22116534411907196,0.47449833154678345,0.36506587266921997,,  
31.8054254,34.7817192,0.0,0.0,0.0,0.22116534411907196,0.47449833154678345,0.36506587266921997,,  
31.8054254,34.7817192,0.0,0.0,0.0,0.22116534411907196,0.47449833154678345,0.36506587266921997,,  
31.8054254,34.7817192,0.0,0.0,0.0,0.22116534411907196,0.47449833154678345,0.36506587266921997,,  
31.8054254,34.7817192,0.0,0.0,0.0,0.22116534411907196,0.47449833154678345,0.36506587266921997,,  
31.8054254,34.7817192,0.0,0.0,0.0,0.22116534411907196,0.47449833154678345,0.36506587266921997,,  
31.8054254,34.7817192,0.0,0.0,0.0,0.22116534411907196,0.47449833154678345,0.36506587266921997,,  
31.8054254,34.7817192,0.0,0.0,0.0,0.22116534411907196,0.47449833154678345,0.36506587266921997,,  
31.8054254,34.7817192,0.0,0.0,0.0,0.22116534411907196,0.47449833154678345,0.36506587266921997,,  
31.8054254,34.7817192,0.0,0.0,0.0,0.22116534411907196,0.47449833154678345,0.36506587266921997,,  
31.8054254,34.7817192,0.0,0.0,0.0,0.22116534411907196,0.47449833154678345,0.36506587266921997,,  
31.8054254,34.7817192,0.0,0.0,0.0,0.22116534411907196,0.47449833154678345,0.36506587266921997,,  
31.8054254,34.7817192,0.0,0.0,0.0,0.22116534411907196,0.47449833154678345,0.36506587266921997,,  
31.8054254,34.7817192,0.0,0.0,0.0,0.22116534411907196,0.47449833154678345,0.36506587266921997,,  
31.8054254,34.7817192,0.0,0.0,0.0,0.22116534411907196,0.47449833154678345,0.36506587266921997,,  
31.8054254,34.7817192,0.0,0.0,0.0,0.22116534411907196,0.47449833154678345,0.36506587266921997,,  
31.8054254,34.7817192,0.0,0.0,0.0,0.22116534411907196,0.47449833154678345,0.36506587266921997,,  
31.8054254,34.7817192,0.0,0.0,0.0,0.22116534411907196,0.47449833154678345,0.36506587266921997,,  
31.8054254,34.7817192,0.0,0.0,0.0,0.1895270198583603,0.1374223232269287,0.07230475544929504,,  
31.8054254,34.7817192,0.0,0.0,0.0,0.1895270198583603,0.1374223232269287,0.07230475544929504,,  
31.8054254,34.7817192,0.0,0.0,0.0,0.1895270198583603,0.1374223232269287,0.07230475544929504,,  
31.8054254,34.7817192,0.0,0.0,0.0,0.1895270198583603,0.1374223232269287,0.07230475544929504,,  
31.8054254,34.7817192,0.0,0.0,0.0,0.1895270198583603,0.1374223232269287,0.07230475544929504,,  
31.8054254,34.7817192,0.0,0.0,0.0,0.1895270198583603,0.1374223232269287,0.07230475544929504,,  
31.8054254,34.7817192,0.0,0.0,0.0,0.1895270198583603,0.1374223232269287,0.07230475544929504,,  
31.8054254,34.7817192,0.0,0.0,0.0,0.1895270198583603,0.1374223232269287,0.07230475544929504,,  
31.8054254,34.7817192,0.0,0.0,0.0,0.1895270198583603,0.1374223232269287,0.07230475544929504,,  
31.8054254,34.7817192,0.0,0.0,0.0,0.1895270198583603,0.1374223232269287,0.07230475544929504,,  
31.8054254,34.7817192,0.0,0.0,0.0,0.06614287197589874,0.04706135764718056,0.02492716535925865,,  
31.8054254,34.7817192,0.0,0.0,0.0,0.06614287197589874,0.04706135764718056,0.02492716535925865,,  
31.8054254,34.7817192,0.0,0.0,0.0,0.06614287197589874,0.04706135764718056,0.02492716535925865,,  
31.8054254,34.7817192,0.0,0.0,0.0,0.06614287197589874,0.04706135764718056,0.02492716535925865,,  
31.8054254,34.7817192,0.0,0.0,0.0,0.06614287197589874,0.04706135764718056,0.02492716535925865,,  
31.8054254,34.7817192,0.0,0.0,0.0,0.06614287197589874,0.04706135764718056,0.02492716535925865,,  
31.8054254,34.7817192,0.0,0.0,0.0,0.06614287197589874,0.04706135764718056,0.02492716535925865,,  
31.8054254,34.7817192,0.0,0.0,0.0,0.06614287197589874,0.04706135764718056,0.02492716535925865,,  
31.8054254,34.7817192,0.0,0.0,0.0,0.06614287197589874,0.04706135764718056,0.02492716535925865,,  
31.8054254,34.7817192,0.0,0.0,0.0,0.06614287197589874,0.04706135764718056,0.02492716535925865,,  
31.8054254,34.7817192,0.0,0.0,0.0,0.06614287197589874,0.04706135764718056,0.02492716535925865,,  
31.8054254,34.7817192,0.0,0.0,0.0,0.06614287197589874,0.04706135764718056,0.02492716535925865,,  
31.8054254,34.7817192,0.0,0.0,0.0,0.06614287197589874,0.04706135764718056,0.02492716535925865,,  
31.8054254,34.7817192,0.0,0.0,0.0,0.06614287197589874,0.04706135764718056,0.02492716535925865,,  
31.8054254,34.7817192,0.0,0.0,0.0,0.06614287197589874,0.04706135764718056,0.02492716535925865,,  
31.8054254,34.7817192,0.0,0.0,0.0,0.06614287197589874,0.04706135764718056,0.02492716535925865,,  
31.8054254,34.7817192,0.0,0.0,0.0,0.06614287197589874,0.04706135764718056,0.02492716535925865,,  
31.8054254,34.7817192,0.0,0.0,0.0,0.06614287197589874,0.04706135764718056,0.02492716535925865,,  
31.8054254,34.7817192,0.0,0.0,0.0,0.06614287197589874,0.04706135764718056,0.02492716535925865,,  
31.8054254,34.7817192,0.0,0.0,0.0,0.06614287197589874,0.04706135764718056,0.02492716535925865,,  
31.8054254,34.7817192,0.0,0.0,0.0,0.026781389489769936,-0.006920883432030678,0.002982737496495247,,  
31.8054254,34.7817192,0.0,0.0,0.0,0.026781389489769936,-0.006920883432030678,0.002982737496495247,,  
31.8054254,34.7817192,0.0,0.0,0.0,0.026781389489769936,-0.006920883432030678,0.002982737496495247,,  
31.8054254,34.7817192,0.0,0.0,0.0,0.026781389489769936,-0.006920883432030678,0.002982737496495247,,  
31.8054254,34.7817192,0.0,0.0,0.0,0.026781389489769936,-0.006920883432030678,0.002982737496495247,,  
31.8054254,34.7817192,0.0,0.0,0.0,0.026781389489769936,-0.006920883432030678,0.002982737496495247,,  
31.8054254,34.7817192,0.0,0.0,0.0,0.026781389489769936,-0.006920883432030678,0.002982737496495247,,  
31.8054254,34.7817192,0.0,0.0,0.0,0.026781389489769936,-0.006920883432030678,0.002982737496495247,,  
31.8054254,34.7817192,0.0,0.0,0.0,0.026781389489769936,-0.006920883432030678,0.002982737496495247,,  
31.8054254,34.7817192,0.0,0.0,0.0,0.026781389489769936,-0.006920883432030678,0.002982737496495247,,  
31.8054254,34.7817192,0.0,0.0,0.0,0.012373702600598335,0.06463818997144699,0.0177100021392107,,  
31.8054254,34.7817192,0.0,0.0,0.0,0.012373702600598335,0.06463818997144699,0.0177100021392107,,  
31.8054254,34.7817192,0.0,0.0,0.0,0.012373702600598335,0.06463818997144699,0.0177100021392107,,  
31.8054254,34.7817192,0.0,0.0,0.0,0.012373702600598335,0.06463818997144699,0.0177100021392107,,  
31.8054254,34.7817192,0.0,0.0,0.0,0.012373702600598335,0.06463818997144699,0.0177100021392107,,  
31.8054254,34.7817192,0.0,0.0,0.0,0.012373702600598335,0.06463818997144699,0.0177100021392107,,  
31.8054254,34.7817192,0.0,0.0,0.0,0.012373702600598335,0.06463818997144699,0.0177100021392107,,  
31.8054254,34.7817192,0.0,0.0,0.0,0.012373702600598335,0.06463818997144699,0.0177100021392107,,  
31.8054254,34.7817192,0.0,0.0,0.0,0.012373702600598335,0.06463818997144699,0.0177100021392107,,  
31.8054254,34.7817192,0.0,0.0,0.0,0.012373702600598335,0.06463818997144699,0.0177100021392107,,  
31.8054254,34.7817192,0.0,0.0,0.0,0.04853939637541771,0.07350652664899826,-0.030013801530003548,,  
31.8054254,34.7817192,0.0,0.0,0.0,0.04853939637541771,0.07350652664899826,-0.030013801530003548,,  
31.8054254,34.7817192,0.0,0.0,0.0,0.04853939637541771,0.07350652664899826,-0.030013801530003548,,  
31.8054254,34.7817192,0.0,0.0,0.0,0.04853939637541771,0.07350652664899826,-0.030013801530003548,,  
31.8054254,34.7817192,0.0,0.0,0.0,0.04853939637541771,0.07350652664899826,-0.030013801530003548,,  
31.8054254,34.7817192,0.0,0.0,0.0,0.04853939637541771,0.07350652664899826,-0.030013801530003548,,  
31.8054254,34.7817192,0.0,0.0,0.0,0.04853939637541771,0.07350652664899826,-0.030013801530003548,,  
31.8054254,34.7817192,0.0,0.0,0.0,0.04853939637541771,0.07350652664899826,-0.030013801530003548,,  
31.8054254,34.7817192,0.0,0.0,0.0,0.04853939637541771,0.07350652664899826,-0.030013801530003548,,  
31.8054254,34.7817192,0.0,0.0,0.0,0.04853939637541771,0.07350652664899826,-0.030013801530003548,,  
31.8054254,34.7817192,0.0,0.0,0.0,0.04853939637541771,0.07350652664899826,-0.030013801530003548,,  
31.8054254,34.7817192,0.0,0.0,0.0,0.04853939637541771,0.07350652664899826,-0.030013801530003548,,  
31.8054254,34.7817192,0.0,0.0,0.0,0.04853939637541771,0.07350652664899826,-0.030013801530003548,,  
31.8054254,34.7817192,0.0,0.0,0.0,0.04853939637541771,0.07350652664899826,-0.030013801530003548,,  
31.8054254,34.7817192,0.0,0.0,0.0,0.04853939637541771,0.07350652664899826,-0.030013801530003548,,  
31.8054254,34.7817192,0.0,0.0,0.0,0.04853939637541771,0.07350652664899826,-0.030013801530003548,,  
31.8054254,34.7817192,0.0,0.0,0.0,0.04853939637541771,0.07350652664899826,-0.030013801530003548,,  
31.8054254,34.7817192,0.0,0.0,0.0,0.04853939637541771,0.07350652664899826,-0.030013801530003548,,  
31.8054254,34.7817192,0.0,0.0,0.0,0.04853939637541771,0.07350652664899826,-0.030013801530003548,,  
31.8054254,34.7817192,0.0,0.0,0.0,0.04853939637541771,0.07350652664899826,-0.030013801530003548,,  
31.8054254,34.7817192,0.0,0.0,0.0,0.002200433984398842,0.007273751776665449,0.002503369003534317,,  
31.8054254,34.7817192,0.0,0.0,0.0,0.002200433984398842,0.007273751776665449,0.002503369003534317,,  
31.8054254,34.7817192,0.0,0.0,0.0,0.002200433984398842,0.007273751776665449,0.002503369003534317,,  
31.8054254,34.7817192,0.0,0.0,0.0,0.002200433984398842,0.007273751776665449,0.002503369003534317,,  
31.8054254,34.7817192,0.0,0.0,0.0,0.002200433984398842,0.007273751776665449,0.002503369003534317,,  
31.8054254,34.7817192,0.0,0.0,0.0,0.002200433984398842,0.007273751776665449,0.002503369003534317,,  
31.8054254,34.7817192,0.0,0.0,0.0,0.002200433984398842,0.007273751776665449,0.002503369003534317,,  
31.8054254,34.7817192,0.0,0.0,0.0,0.002200433984398842,0.007273751776665449,0.002503369003534317,,  
31.8054254,34.7817192,0.0,0.0,0.0,0.002200433984398842,0.007273751776665449,0.002503369003534317,,  
31.8054254,34.7817192,0.0,0.0,0.0,0.002200433984398842,0.007273751776665449,0.002503369003534317,,  
31.8054245,34.7817205,0.0,0.0,0.0,0.002200433984398842,0.007273751776665449,0.002503369003534317,,  
31.8054245,34.7817205,0.0,0.0,0.0,0.002200433984398842,0.007273751776665449,0.002503369003534317,,  
31.8054245,34.7817205,0.0,0.0,0.0,0.002200433984398842,0.007273751776665449,0.002503369003534317,,  
31.8054245,34.7817205,0.0,0.0,0.0,0.002200433984398842,0.007273751776665449,0.002503369003534317,,  
31.8054245,34.7817205,0.0,0.0,0.0,0.002200433984398842,0.007273751776665449,0.002503369003534317,,  
31.8054245,34.7817205,0.0,0.0,0.0,0.002200433984398842,0.007273751776665449,0.002503369003534317,,  
31.8054245,34.7817205,0.0,0.0,0.0,0.002200433984398842,0.007273751776665449,0.002503369003534317,,  
31.8054245,34.7817205,0.0,0.0,0.0,0.002200433984398842,0.007273751776665449,0.002503369003534317,,  
31.8054245,34.7817205,0.0,0.0,0.0,0.002200433984398842,0.007273751776665449,0.002503369003534317,,  
31.8054245,34.7817205,0.0,0.0,0.0,0.002200433984398842,0.007273751776665449,0.002503369003534317,,  
31.8054245,34.7817205,0.0,0.0,0.0,0.012426964938640594,-0.015123413875699043,0.003994738217443228,,  
31.8054245,34.7817205,0.0,0.0,0.0,0.012426964938640594,-0.015123413875699043,0.003994738217443228,,  
31.8054245,34.7817205,0.0,0.0,0.0,0.012426964938640594,-0.015123413875699043,0.003994738217443228,,  
31.8054245,34.7817205,0.0,0.0,0.0,0.012426964938640594,-0.015123413875699043,0.003994738217443228,,  
31.8054245,34.7817205,0.0,0.0,0.0,0.012426964938640594,-0.015123413875699043,0.003994738217443228,,  
31.8054245,34.7817205,0.0,0.0,0.0,0.012426964938640594,-0.015123413875699043,0.003994738217443228,,  
31.8054245,34.7817205,0.0,0.0,0.0,0.012426964938640594,-0.015123413875699043,0.003994738217443228,,  
31.8054245,34.7817205,0.0,0.0,0.0,0.012426964938640594,-0.015123413875699043,0.003994738217443228,,  
31.8054245,34.7817205,0.0,0.0,0.0,0.012426964938640594,-0.015123413875699043,0.003994738217443228,,  
31.8054245,34.7817205,0.0,0.0,0.0,0.012426964938640594,-0.015123413875699043,0.003994738217443228,,  
31.8054245,34.7817205,0.0,0.0,0.0,0.012426964938640594,-0.015123413875699043,0.003994738217443228,,  
31.8054245,34.7817205,0.0,0.0,0.0,0.012426964938640594,-0.015123413875699043,0.003994738217443228,,  
31.8054245,34.7817205,0.0,0.0,0.0,0.012426964938640594,-0.015123413875699043,0.003994738217443228,,  
31.8054245,34.7817205,0.0,0.0,0.0,0.012426964938640594,-0.015123413875699043,0.003994738217443228,,  
31.8054245,34.7817205,0.0,0.0,0.0,0.012426964938640594,-0.015123413875699043,0.003994738217443228,,  
31.8054245,34.7817205,0.0,0.0,0.0,0.012426964938640594,-0.015123413875699043,0.003994738217443228,,  
31.8054245,34.7817205,0.0,0.0,0.0,0.012426964938640594,-0.015123413875699043,0.003994738217443228,,  
31.8054245,34.7817205,0.0,0.0,0.0,0.012426964938640594,-0.015123413875699043,0.003994738217443228,,  
31.8054245,34.7817205,0.0,0.0,0.0,0.012426964938640594,-0.015123413875699043,0.003994738217443228,,  
31.8054245,34.7817205,0.0,0.0,0.0,0.012426964938640594,-0.015123413875699043,0.003994738217443228,,  
31.8054245,34.7817205,0.0,0.0,0.0,0.0031325409654527903,0.0006158554460853338,0.0047936877235770226,,  
31.8054245,34.7817205,0.0,0.0,0.0,0.0031325409654527903,0.0006158554460853338,0.0047936877235770226,,  
31.8054245,34.7817205,0.0,0.0,0.0,0.0031325409654527903,0.0006158554460853338,0.0047936877235770226,,  
31.8054245,34.7817205,0.0,0.0,0.0,0.0031325409654527903,0.0006158554460853338,0.0047936877235770226,,  
31.8054245,34.7817205,0.0,0.0,0.0,0.0031325409654527903,0.0006158554460853338,0.0047936877235770226,,  
31.8054245,34.7817205,0.0,0.0,0.0,0.0031325409654527903,0.0006158554460853338,0.0047936877235770226,,  
31.8054245,34.7817205,0.0,0.0,0.0,0.0031325409654527903,0.0006158554460853338,0.0047936877235770226,,  
31.8054245,34.7817205,0.0,0.0,0.0,0.0031325409654527903,0.0006158554460853338,0.0047936877235770226,,  
31.8054245,34.7817205,0.0,0.0,0.0,0.0031325409654527903,0.0006158554460853338,0.0047936877235770226,,  
31.8054245,34.7817205,0.0,0.0,0.0,0.0031325409654527903,0.0006158554460853338,0.0047936877235770226,,  
31.8054245,34.7817205,0.0,0.0,0.0,0.0031325409654527903,0.0006158554460853338,0.0047936877235770226,,  
31.8054245,34.7817205,0.0,0.0,0.0,0.0031325409654527903,0.0006158554460853338,0.0047936877235770226,,  
31.8054245,34.7817205,0.0,0.0,0.0,0.0031325409654527903,0.0006158554460853338,0.0047936877235770226,,  
31.8054245,34.7817205,0.0,0.0,0.0,0.0031325409654527903,0.0006158554460853338,0.0047936877235770226,,  
31.8054245,34.7817205,0.0,0.0,0.0,0.0031325409654527903,0.0006158554460853338,0.0047936877235770226,,  
31.8054245,34.7817205,0.0,0.0,0.0,0.0031325409654527903,0.0006158554460853338,0.0047936877235770226,,  
31.8054245,34.7817205,0.0,0.0,0.0,0.0031325409654527903,0.0006158554460853338,0.0047936877235770226,,  
31.8054245,34.7817205,0.0,0.0,0.0,0.0031325409654527903,0.0006158554460853338,0.0047936877235770226,,  
31.8054245,34.7817205,0.0,0.0,0.0,0.0031325409654527903,0.0006158554460853338,0.0047936877235770226,,  
31.8054245,34.7817205,0.0,0.0,0.0,0.0031325409654527903,0.0006158554460853338,0.0047936877235770226,,  
31.8054245,34.7817205,0.0,0.0,0.0,0.0031325409654527903,0.0006158554460853338,0.0047936877235770226,,  
31.8054245,34.7817205,0.0,0.0,0.0,-0.0011817762861028314,-0.011075411923229694,0.018748639151453972,,  
31.8054245,34.7817205,0.0,0.0,0.0,-0.0011817762861028314,-0.011075411923229694,0.018748639151453972,,  
31.8054245,34.7817205,0.0,0.0,0.0,-0.0011817762861028314,-0.011075411923229694,0.018748639151453972,,  
31.8054245,34.7817205,0.0,0.0,0.0,-0.0011817762861028314,-0.011075411923229694,0.018748639151453972,,  
31.8054245,34.7817205,0.0,0.0,0.0,-0.0011817762861028314,-0.011075411923229694,0.018748639151453972,,  
31.8054245,34.7817205,0.0,0.0,0.0,-0.0011817762861028314,-0.011075411923229694,0.018748639151453972,,  
31.8054245,34.7817205,0.0,0.0,0.0,-0.0011817762861028314,-0.011075411923229694,0.018748639151453972,,  
31.8054245,34.7817205,0.0,0.0,0.0,-0.0011817762861028314,-0.011075411923229694,0.018748639151453972,,  
31.8054245,34.7817205,0.0,0.0,0.0,-0.0011817762861028314,-0.011075411923229694,0.018748639151453972,,  
31.8054245,34.7817205,0.0,0.0,0.0,-0.0011817762861028314,-0.011075411923229694,0.018748639151453972,,  
31.8054245,34.7817205,0.0,0.0,0.0,-0.0011817762861028314,-0.011075411923229694,0.018748639151453972,,  
31.8054245,34.7817205,0.0,0.0,0.0,-0.0011817762861028314,-0.011075411923229694,0.018748639151453972,,  
31.8054245,34.7817205,0.0,0.0,0.0,-0.0011817762861028314,-0.011075411923229694,0.018748639151453972,,  
31.8054245,34.7817205,0.0,0.0,0.0,-0.0011817762861028314,-0.011075411923229694,0.018748639151453972,,  
31.8054245,34.7817205,0.0,0.0,0.0,-0.0011817762861028314,-0.011075411923229694,0.018748639151453972,,  
31.8054245,34.7817205,0.0,0.0,0.0,-0.0011817762861028314,-0.011075411923229694,0.018748639151453972,,  
31.8054245,34.7817205,0.0,0.0,0.0,-0.0011817762861028314,-0.011075411923229694,0.018748639151453972,,  
31.8054245,34.7817205,0.0,0.0,0.0,-0.0011817762861028314,-0.011075411923229694,0.018748639151453972,,  
31.8054245,34.7817205,0.0,0.0,0.0,-0.0011817762861028314,-0.011075411923229694,0.018748639151453972,,  
31.8054245,34.7817205,0.0,0.0,0.0,-0.0011817762861028314,-0.011075411923229694,0.018748639151453972,,  
31.8054245,34.7817205,0.0,0.0,0.0,0.007553383708000183,-0.0073469895869493484,0.007004108279943466,,  
31.8054245,34.7817205,0.0,0.0,0.0,0.007553383708000183,-0.0073469895869493484,0.007004108279943466,,  
31.8054245,34.7817205,0.0,0.0,0.0,0.007553383708000183,-0.0073469895869493484,0.007004108279943466,,  
31.8054245,34.7817205,0.0,0.0,0.0,0.007553383708000183,-0.0073469895869493484,0.007004108279943466,,  
31.8054245,34.7817205,0.0,0.0,0.0,0.007553383708000183,-0.0073469895869493484,0.007004108279943466,,  
31.8054245,34.7817205,0.0,0.0,0.0,0.007553383708000183,-0.0073469895869493484,0.007004108279943466,,  
31.8054245,34.7817205,0.0,0.0,0.0,0.007553383708000183,-0.0073469895869493484,0.007004108279943466,,  
31.8054245,34.7817205,0.0,0.0,0.0,0.007553383708000183,-0.0073469895869493484,0.007004108279943466,,  
31.8054245,34.7817205,0.0,0.0,0.0,0.007553383708000183,-0.0073469895869493484,0.007004108279943466,,  
31.8054245,34.7817205,0.0,0.0,0.0,0.007553383708000183,-0.0073469895869493484,0.007004108279943466,,  
31.8054245,34.7817205,0.0,0.0,0.0,0.007553383708000183,-0.0073469895869493484,0.007004108279943466,,  
31.8054245,34.7817205,0.0,0.0,0.0,0.007553383708000183,-0.0073469895869493484,0.007004108279943466,,  
31.8054245,34.7817205,0.0,0.0,0.0,0.007553383708000183,-0.0073469895869493484,0.007004108279943466,,  
31.8054245,34.7817205,0.0,0.0,0.0,0.007553383708000183,-0.0073469895869493484,0.007004108279943466,,  
31.8054245,34.7817205,0.0,0.0,0.0,0.007553383708000183,-0.0073469895869493484,0.007004108279943466,,  
31.8054245,34.7817205,0.0,0.0,0.0,0.007553383708000183,-0.0073469895869493484,0.007004108279943466,,  
31.8054245,34.7817205,0.0,0.0,0.0,0.007553383708000183,-0.0073469895869493484,0.007004108279943466,,  
31.8054245,34.7817205,0.0,0.0,0.0,0.007553383708000183,-0.0073469895869493484,0.007004108279943466,,  
31.8054245,34.7817205,0.0,0.0,0.0,0.007553383708000183,-0.0073469895869493484,0.007004108279943466,,  
31.8054245,34.7817205,0.0,0.0,0.0,0.007553383708000183,-0.0073469895869493484,0.007004108279943466,,  
31.8054245,34.7817205,0.0,0.0,0.0,0.026701495051383972,-0.053499531000852585,0.011531476862728596,,  
31.8054245,34.7817205,0.0,0.0,0.0,0.026701495051383972,-0.053499531000852585,0.011531476862728596,,  
31.8054245,34.7817205,0.0,0.0,0.0,0.026701495051383972,-0.053499531000852585,0.011531476862728596,,  
31.8054245,34.7817205,0.0,0.0,0.0,0.026701495051383972,-0.053499531000852585,0.011531476862728596,,  
31.8054245,34.7817205,0.0,0.0,0.0,0.026701495051383972,-0.053499531000852585,0.011531476862728596,,  
31.8054245,34.7817205,0.0,0.0,0.0,0.026701495051383972,-0.053499531000852585,0.011531476862728596,,  
31.8054245,34.7817205,0.0,0.0,0.0,0.026701495051383972,-0.053499531000852585,0.011531476862728596,,  
31.8054245,34.7817205,0.0,0.0,0.0,0.026701495051383972,-0.053499531000852585,0.011531476862728596,,  
31.8054245,34.7817205,0.0,0.0,0.0,0.026701495051383972,-0.053499531000852585,0.011531476862728596,,  
31.8054245,34.7817205,0.0,0.0,0.0,0.026701495051383972,-0.053499531000852585,0.011531476862728596,,  
31.8054245,34.7817205,0.0,0.0,0.0,-0.017453672364354134,0.022214071825146675,0.010732531547546387,,  
31.8054245,34.7817205,0.0,0.0,0.0,-0.017453672364354134,0.022214071825146675,0.010732531547546387,,  
31.8054245,34.7817205,0.0,0.0,0.0,-0.017453672364354134,0.022214071825146675,0.010732531547546387,,  
31.8054245,34.7817205,0.0,0.0,0.0,-0.017453672364354134,0.022214071825146675,0.010732531547546387,,  
31.8054245,34.7817205,0.0,0.0,0.0,-0.017453672364354134,0.022214071825146675,0.010732531547546387,,  
31.8054245,34.7817205,0.0,0.0,0.0,-0.017453672364354134,0.022214071825146675,0.010732531547546387,,  
31.8054245,34.7817205,0.0,0.0,0.0,-0.017453672364354134,0.022214071825146675,0.010732531547546387,,  
31.8054245,34.7817205,0.0,0.0,0.0,-0.017453672364354134,0.022214071825146675,0.010732531547546387,,  
31.8054245,34.7817205,0.0,0.0,0.0,-0.017453672364354134,0.022214071825146675,0.010732531547546387,,  
31.8054245,34.7817205,0.0,0.0,0.0,-0.017453672364354134,0.022214071825146675,0.010732531547546387,,  
31.8054245,34.7817205,0.0,0.0,0.0,-0.017453672364354134,0.022214071825146675,0.010732531547546387,,  
31.8054245,34.7817205,0.0,0.0,0.0,-0.017453672364354134,0.022214071825146675,0.010732531547546387,,  
31.8054245,34.7817205,0.0,0.0,0.0,-0.017453672364354134,0.022214071825146675,0.010732531547546387,,  
31.8054245,34.7817205,0.0,0.0,0.0,-0.017453672364354134,0.022214071825146675,0.010732531547546387,,  
31.8054245,34.7817205,0.0,0.0,0.0,-0.017453672364354134,0.022214071825146675,0.010732531547546387,,  
31.8054245,34.7817205,0.0,0.0,0.0,-0.017453672364354134,0.022214071825146675,0.010732531547546387,,  
31.8054245,34.7817205,0.0,0.0,0.0,-0.017453672364354134,0.022214071825146675,0.010732531547546387,,  
31.8054245,34.7817205,0.0,0.0,0.0,-0.017453672364354134,0.022214071825146675,0.010732531547546387,,  
31.8054245,34.7817205,0.0,0.0,0.0,-0.017453672364354134,0.022214071825146675,0.010732531547546387,,  
31.8054245,34.7817205,0.0,0.0,0.0,-0.017453672364354134,0.022214071825146675,0.010732531547546387,,  
31.8054245,34.7817205,0.0,0.0,0.0,0.008964858017861843,0.05281377211213112,-0.009294424206018448,,  
31.8054245,34.7817205,0.0,0.0,0.0,0.008964858017861843,0.05281377211213112,-0.009294424206018448,,  
31.8054245,34.7817205,0.0,0.0,0.0,0.008964858017861843,0.05281377211213112,-0.009294424206018448,,  
31.8054245,34.7817205,0.0,0.0,0.0,0.008964858017861843,0.05281377211213112,-0.009294424206018448,,  
31.8054245,34.7817205,0.0,0.0,0.0,0.008964858017861843,0.05281377211213112,-0.009294424206018448,,  
31.8054245,34.7817205,0.0,0.0,0.0,0.008964858017861843,0.05281377211213112,-0.009294424206018448,,  
31.8054245,34.7817205,0.0,0.0,0.0,0.008964858017861843,0.05281377211213112,-0.009294424206018448,,  
31.8054245,34.7817205,0.0,0.0,0.0,0.008964858017861843,0.05281377211213112,-0.009294424206018448,,  
31.8054245,34.7817205,0.0,0.0,0.0,0.008964858017861843,0.05281377211213112,-0.009294424206018448,,  
31.8054245,34.7817205,0.0,0.0,0.0,0.008964858017861843,0.05281377211213112,-0.009294424206018448,,  
31.8054245,34.7817205,0.0,0.0,0.0,0.14385385811328888,0.326373428106308,-0.050653282552957535,,  
31.8054245,34.7817205,0.0,0.0,0.0,0.14385385811328888,0.326373428106308,-0.050653282552957535,,  
31.8054245,34.7817205,0.0,0.0,0.0,0.14385385811328888,0.326373428106308,-0.050653282552957535,,  
31.8054245,34.7817205,0.0,0.0,0.0,0.14385385811328888,0.326373428106308,-0.050653282552957535,,  
31.8054245,34.7817205,0.0,0.0,0.0,0.14385385811328888,0.326373428106308,-0.050653282552957535,,  
31.8054245,34.7817205,0.0,0.0,0.0,0.14385385811328888,0.326373428106308,-0.050653282552957535,,  
31.8054245,34.7817205,0.0,0.0,0.0,0.14385385811328888,0.326373428106308,-0.050653282552957535,,  
31.8054245,34.7817205,0.0,0.0,0.0,0.14385385811328888,0.326373428106308,-0.050653282552957535,,  
31.8054245,34.7817205,0.0,0.0,0.0,0.14385385811328888,0.326373428106308,-0.050653282552957535,,  
31.8054245,34.7817205,0.0,0.0,0.0,0.14385385811328888,0.326373428106308,-0.050653282552957535,,  
31.8054245,34.7817205,0.0,0.0,0.0,0.14385385811328888,0.326373428106308,-0.050653282552957535,,  
31.8054245,34.7817205,0.0,0.0,0.0,0.14385385811328888,0.326373428106308,-0.050653282552957535,,  
31.8054245,34.7817205,0.0,0.0,0.0,0.14385385811328888,0.326373428106308,-0.050653282552957535,,  
31.8054245,34.7817205,0.0,0.0,0.0,0.14385385811328888,0.326373428106308,-0.050653282552957535,,  
31.8054245,34.7817205,0.0,0.0,0.0,0.14385385811328888,0.326373428106308,-0.050653282552957535,,  
31.8054245,34.7817205,0.0,0.0,0.0,0.14385385811328888,0.326373428106308,-0.050653282552957535,,  
31.8054245,34.7817205,0.0,0.0,0.0,0.14385385811328888,0.326373428106308,-0.050653282552957535,,  
31.8054245,34.7817205,0.0,0.0,0.0,0.14385385811328888,0.326373428106308,-0.050653282552957535,,  
31.8054245,34.7817205,0.0,0.0,0.0,0.14385385811328888,0.326373428106308,-0.050653282552957535,,  
31.8054245,34.7817205,0.0,0.0,0.0,0.14385385811328888,0.326373428106308,-0.050653282552957535,,  
31.8054245,34.7817205,0.0,0.0,0.0,0.025875916704535484,-0.09248816967010498,-0.019414426758885384,,  
31.8054245,34.7817205,0.0,0.0,0.0,0.025875916704535484,-0.09248816967010498,-0.019414426758885384,,  
31.8054245,34.7817205,0.0,0.0,0.0,0.025875916704535484,-0.09248816967010498,-0.019414426758885384,,  
31.8054245,34.7817205,0.0,0.0,0.0,0.025875916704535484,-0.09248816967010498,-0.019414426758885384,,  
31.8054245,34.7817205,0.0,0.0,0.0,0.025875916704535484,-0.09248816967010498,-0.019414426758885384,,  
31.8054245,34.7817205,0.0,0.0,0.0,0.025875916704535484,-0.09248816967010498,-0.019414426758885384,,  
31.8054245,34.7817205,0.0,0.0,0.0,0.025875916704535484,-0.09248816967010498,-0.019414426758885384,,  
31.8054245,34.7817205,0.0,0.0,0.0,0.025875916704535484,-0.09248816967010498,-0.019414426758885384,,  
31.8054245,34.7817205,0.0,0.0,0.0,0.025875916704535484,-0.09248816967010498,-0.019414426758885384,,  
31.8054245,34.7817205,0.0,0.0,0.0,0.025875916704535484,-0.09248816967010498,-0.019414426758885384,,  
31.8054245,34.7817205,0.0,0.0,0.0,0.025875916704535484,-0.09248816967010498,-0.019414426758885384,,  
31.8054245,34.7817205,0.0,0.0,0.0,0.025875916704535484,-0.09248816967010498,-0.019414426758885384,,  
31.8054245,34.7817205,0.0,0.0,0.0,0.025875916704535484,-0.09248816967010498,-0.019414426758885384,,  
31.8054245,34.7817205,0.0,0.0,0.0,0.025875916704535484,-0.09248816967010498,-0.019414426758885384,,  
31.8054245,34.7817205,0.0,0.0,0.0,0.025875916704535484,-0.09248816967010498,-0.019414426758885384,,  
31.8054245,34.7817205,0.0,0.0,0.0,0.025875916704535484,-0.09248816967010498,-0.019414426758885384,,  
31.8054245,34.7817205,0.0,0.0,0.0,0.025875916704535484,-0.09248816967010498,-0.019414426758885384,,  
31.8054245,34.7817205,0.0,0.0,0.0,0.025875916704535484,-0.09248816967010498,-0.019414426758885384,,  
31.8054245,34.7817205,0.0,0.0,0.0,0.025875916704535484,-0.09248816967010498,-0.019414426758885384,,  
31.8054245,34.7817205,0.0,0.0,0.0,0.025875916704535484,-0.09248816967010498,-0.019414426758885384,,  
31.8054245,34.7817205,0.0,0.0,0.0,0.17386765778064728,0.021361859515309334,0.2077530026435852,,  
31.8054245,34.7817205,0.0,0.0,0.0,0.17386765778064728,0.021361859515309334,0.2077530026435852,,  
31.8054245,34.7817205,0.0,0.0,0.0,0.17386765778064728,0.021361859515309334,0.2077530026435852,,  
31.8054245,34.7817205,0.0,0.0,0.0,0.17386765778064728,0.021361859515309334,0.2077530026435852,,  
31.8054245,34.7817205,0.0,0.0,0.0,0.17386765778064728,0.021361859515309334,0.2077530026435852,,  
31.8054245,34.7817205,0.0,0.0,0.0,0.17386765778064728,0.021361859515309334,0.2077530026435852,,  
31.8054245,34.7817205,0.0,0.0,0.0,0.17386765778064728,0.021361859515309334,0.2077530026435852,,  
31.8054245,34.7817205,0.0,0.0,0.0,0.17386765778064728,0.021361859515309334,0.2077530026435852,,  
31.8054245,34.7817205,0.0,0.0,0.0,0.17386765778064728,0.021361859515309334,0.2077530026435852,,  
31.8054245,34.7817205,0.0,0.0,0.0,0.17386765778064728,0.021361859515309334,0.2077530026435852,,  
31.8054245,34.7817205,0.0,0.0,0.0,0.17386765778064728,0.021361859515309334,0.2077530026435852,,  
31.8054245,34.7817205,0.0,0.0,0.0,0.17386765778064728,0.021361859515309334,0.2077530026435852,,  
31.8054245,34.7817205,0.0,0.0,0.0,0.17386765778064728,0.021361859515309334,0.2077530026435852,,  
31.8054245,34.7817205,0.0,0.0,0.0,0.17386765778064728,0.021361859515309334,0.2077530026435852,,  
31.8054245,34.7817205,0.0,0.0,0.0,0.17386765778064728,0.021361859515309334,0.2077530026435852,,  
31.8054245,34.7817205,0.0,0.0,0.0,0.17386765778064728,0.021361859515309334,0.2077530026435852,,  
31.8054245,34.7817205,0.0,0.0,0.0,0.17386765778064728,0.021361859515309334,0.2077530026435852,,  
31.8054245,34.7817205,0.0,0.0,0.0,0.17386765778064728,0.021361859515309334,0.2077530026435852,,  
31.8054245,34.7817205,0.0,0.0,0.0,0.17386765778064728,0.021361859515309334,0.2077530026435852,,  
31.8054245,34.7817205,0.0,0.0,0.0,0.17386765778064728,0.021361859515309334,0.2077530026435852,,  
31.8054245,34.7817205,0.0,0.0,0.0,0.07112298160791397,0.014917016960680485,-0.0011984247248619795,,  
31.8054245,34.7817205,0.0,0.0,0.0,0.07112298160791397,0.014917016960680485,-0.0011984247248619795,,  
31.8054245,34.7817205,0.0,0.0,0.0,0.07112298160791397,0.014917016960680485,-0.0011984247248619795,,  
31.8054245,34.7817205,0.0,0.0,0.0,0.07112298160791397,0.014917016960680485,-0.0011984247248619795,,  
31.8054245,34.7817205,0.0,0.0,0.0,0.07112298160791397,0.014917016960680485,-0.0011984247248619795,,  
31.8054245,34.7817205,0.0,0.0,0.0,0.07112298160791397,0.014917016960680485,-0.0011984247248619795,,  
31.8054245,34.7817205,0.0,0.0,0.0,0.07112298160791397,0.014917016960680485,-0.0011984247248619795,,  
31.8054245,34.7817205,0.0,0.0,0.0,0.07112298160791397,0.014917016960680485,-0.0011984247248619795,,  
31.8054245,34.7817205,0.0,0.0,0.0,0.07112298160791397,0.014917016960680485,-0.0011984247248619795,,  
31.8054245,34.7817205,0.0,0.0,0.0,0.07112298160791397,0.014917016960680485,-0.0011984247248619795,,  
31.8054245,34.7817205,0.0,0.0,0.0,-0.0644584372639656,-0.026175517588853836,-0.08090676367282867,,  
31.8054245,34.7817205,0.0,0.0,0.0,-0.0644584372639656,-0.026175517588853836,-0.08090676367282867,,  
31.8054245,34.7817205,0.0,0.0,0.0,-0.0644584372639656,-0.026175517588853836,-0.08090676367282867,,  
31.8054245,34.7817205,0.0,0.0,0.0,-0.0644584372639656,-0.026175517588853836,-0.08090676367282867,,  
31.8054245,34.7817205,0.0,0.0,0.0,-0.0644584372639656,-0.026175517588853836,-0.08090676367282867,,  
31.8054245,34.7817205,0.0,0.0,0.0,-0.0644584372639656,-0.026175517588853836,-0.08090676367282867,,  
31.8054245,34.7817205,0.0,0.0,0.0,-0.0644584372639656,-0.026175517588853836,-0.08090676367282867,,  
31.8054245,34.7817205,0.0,0.0,0.0,-0.0644584372639656,-0.026175517588853836,-0.08090676367282867,,  
31.8054245,34.7817205,0.0,0.0,0.0,-0.0644584372639656,-0.026175517588853836,-0.08090676367282867,,  
31.8054245,34.7817205,0.0,0.0,0.0,-0.0644584372639656,-0.026175517588853836,-0.08090676367282867,,  
31.8054245,34.7817205,0.0,0.0,0.0,-0.0644584372639656,-0.026175517588853836,-0.08090676367282867,,  
31.8054245,34.7817205,0.0,0.0,0.0,-0.0644584372639656,-0.026175517588853836,-0.08090676367282867,,  
31.8054245,34.7817205,0.0,0.0,0.0,-0.0644584372639656,-0.026175517588853836,-0.08090676367282867,,  
31.8054245,34.7817205,0.0,0.0,0.0,-0.0644584372639656,-0.026175517588853836,-0.08090676367282867,,  
31.8054245,34.7817205,0.0,0.0,0.0,-0.0644584372639656,-0.026175517588853836,-0.08090676367282867,,  
31.8054245,34.7817205,0.0,0.0,0.0,-0.0644584372639656,-0.026175517588853836,-0.08090676367282867,,  
31.8054245,34.7817205,0.0,0.0,0.0,-0.0644584372639656,-0.026175517588853836,-0.08090676367282867,,  
31.8054245,34.7817205,0.0,0.0,0.0,-0.0644584372639656,-0.026175517588853836,-0.08090676367282867,,  
31.8054245,34.7817205,0.0,0.0,0.0,-0.0644584372639656,-0.026175517588853836,-0.08090676367282867,,  
31.8054245,34.7817205,0.0,0.0,0.0,-0.0644584372639656,-0.026175517588853836,-0.08090676367282867,,  
31.8054245,34.7817205,0.0,0.0,0.0,-0.02176799066364765,-0.00718719931319356,-0.06593981385231018,,  
31.8054245,34.7817205,0.0,0.0,0.0,-0.02176799066364765,-0.00718719931319356,-0.06593981385231018,,  
31.8054245,34.7817205,0.0,0.0,0.0,-0.02176799066364765,-0.00718719931319356,-0.06593981385231018,,  
31.8054245,34.7817205,0.0,0.0,0.0,-0.02176799066364765,-0.00718719931319356,-0.06593981385231018,,  
31.8054245,34.7817205,0.0,0.0,0.0,-0.02176799066364765,-0.00718719931319356,-0.06593981385231018,,  
31.8054245,34.7817205,0.0,0.0,0.0,-0.02176799066364765,-0.00718719931319356,-0.06593981385231018,,  
31.8054245,34.7817205,0.0,0.0,0.0,-0.02176799066364765,-0.00718719931319356,-0.06593981385231018,,  
31.8054245,34.7817205,0.0,0.0,0.0,-0.02176799066364765,-0.00718719931319356,-0.06593981385231018,,  
31.8054245,34.7817205,0.0,0.0,0.0,-0.02176799066364765,-0.00718719931319356,-0.06593981385231018,,  
31.8054245,34.7817205,0.0,0.0,0.0,-0.02176799066364765,-0.00718719931319356,-0.06593981385231018,,  
31.8054245,34.7817205,0.0,0.0,0.0,0.020895810797810555,0.010229859501123428,0.00039947370532900095,,  
31.8054245,34.7817205,0.0,0.0,0.0,0.020895810797810555,0.010229859501123428,0.00039947370532900095,,  
31.8054245,34.7817205,0.0,0.0,0.0,0.020895810797810555,0.010229859501123428,0.00039947370532900095,,  
31.8054245,34.7817205,0.0,0.0,0.0,0.020895810797810555,0.010229859501123428,0.00039947370532900095,,  
31.8054245,34.7817205,0.0,0.0,0.0,0.020895810797810555,0.010229859501123428,0.00039947370532900095,,  
31.8054245,34.7817205,0.0,0.0,0.0,0.020895810797810555,0.010229859501123428,0.00039947370532900095,,  
31.8054245,34.7817205,0.0,0.0,0.0,0.020895810797810555,0.010229859501123428,0.00039947370532900095,,  
31.8054245,34.7817205,0.0,0.0,0.0,0.020895810797810555,0.010229859501123428,0.00039947370532900095,,  
31.8054245,34.7817205,0.0,0.0,0.0,0.020895810797810555,0.010229859501123428,0.00039947370532900095,,  
31.8054245,34.7817205,0.0,0.0,0.0,0.020895810797810555,0.010229859501123428,0.00039947370532900095,,  
31.8054245,34.7817205,0.0,0.0,0.0,0.001135173486545682,-0.020369835197925568,-0.003089264500886202,,  
31.8054245,34.7817205,0.0,0.0,0.0,0.001135173486545682,-0.020369835197925568,-0.003089264500886202,,  
31.8054245,34.7817205,0.0,0.0,0.0,0.001135173486545682,-0.020369835197925568,-0.003089264500886202,,  
31.8054245,34.7817205,0.0,0.0,0.0,0.001135173486545682,-0.020369835197925568,-0.003089264500886202,,  
31.8054245,34.7817205,0.0,0.0,0.0,0.001135173486545682,-0.020369835197925568,-0.003089264500886202,,  
31.8054245,34.7817205,0.0,0.0,0.0,0.001135173486545682,-0.020369835197925568,-0.003089264500886202,,  
31.8054245,34.7817205,0.0,0.0,0.0,0.001135173486545682,-0.020369835197925568,-0.003089264500886202,,  
31.8054245,34.7817205,0.0,0.0,0.0,0.001135173486545682,-0.020369835197925568,-0.003089264500886202,,  
31.8054245,34.7817205,0.0,0.0,0.0,0.001135173486545682,-0.020369835197925568,-0.003089264500886202,,  
31.8054245,34.7817205,0.0,0.0,0.0,0.001135173486545682,-0.020369835197925568,-0.003089264500886202,,  
31.8054221,34.7817174,0.0,0.0,0.0,0.002733066910877824,-0.003032670821994543,-0.0002929479815065861,,  
31.8054221,34.7817174,0.0,0.0,0.0,0.002733066910877824,-0.003032670821994543,-0.0002929479815065861,,  
31.8054221,34.7817174,0.0,0.0,0.0,0.002733066910877824,-0.003032670821994543,-0.0002929479815065861,,  
31.8054221,34.7817174,0.0,0.0,0.0,0.002733066910877824,-0.003032670821994543,-0.0002929479815065861,,  
31.8054221,34.7817174,0.0,0.0,0.0,0.002733066910877824,-0.003032670821994543,-0.0002929479815065861,,  
31.8054221,34.7817174,0.0,0.0,0.0,0.002733066910877824,-0.003032670821994543,-0.0002929479815065861,,  
31.8054221,34.7817174,0.0,0.0,0.0,0.002733066910877824,-0.003032670821994543,-0.0002929479815065861,,  
31.8054221,34.7817174,0.0,0.0,0.0,0.002733066910877824,-0.003032670821994543,-0.0002929479815065861,,  
31.8054221,34.7817174,0.0,0.0,0.0,0.002733066910877824,-0.003032670821994543,-0.0002929479815065861,,  
31.8054221,34.7817174,0.0,0.0,0.0,0.002733066910877824,-0.003032670821994543,-0.0002929479815065861,,  
31.8054221,34.7817174,0.0,0.0,0.0,0.002733066910877824,-0.003032670821994543,-0.0002929479815065861,,  
31.8054221,34.7817174,0.0,0.0,0.0,0.002733066910877824,-0.003032670821994543,-0.0002929479815065861,,  
31.8054221,34.7817174,0.0,0.0,0.0,0.002733066910877824,-0.003032670821994543,-0.0002929479815065861,,  
31.8054221,34.7817174,0.0,0.0,0.0,0.002733066910877824,-0.003032670821994543,-0.0002929479815065861,,  
31.8054221,34.7817174,0.0,0.0,0.0,0.002733066910877824,-0.003032670821994543,-0.0002929479815065861,,  
31.8054221,34.7817174,0.0,0.0,0.0,0.002733066910877824,-0.003032670821994543,-0.0002929479815065861,,  
31.8054221,34.7817174,0.0,0.0,0.0,0.002733066910877824,-0.003032670821994543,-0.0002929479815065861,,  
31.8054221,34.7817174,0.0,0.0,0.0,0.002733066910877824,-0.003032670821994543,-0.0002929479815065861,,  
31.8054221,34.7817174,0.0,0.0,0.0,0.002733066910877824,-0.003032670821994543,-0.0002929479815065861,,  
31.8054221,34.7817174,0.0,0.0,0.0,0.002733066910877824,-0.003032670821994543,-0.0002929479815065861,,  
31.8054221,34.7817174,0.0,0.0,0.0,0.006062015891075134,-0.004124567378312349,-0.000026631751097738743,,  
31.8054221,34.7817174,0.0,0.0,0.0,0.006062015891075134,-0.004124567378312349,-0.000026631751097738743,,  
31.8054221,34.7817174,0.0,0.0,0.0,0.006062015891075134,-0.004124567378312349,-0.000026631751097738743,,  
31.8054221,34.7817174,0.0,0.0,0.0,0.006062015891075134,-0.004124567378312349,-0.000026631751097738743,,  
31.8054221,34.7817174,0.0,0.0,0.0,0.006062015891075134,-0.004124567378312349,-0.000026631751097738743,,  
31.8054221,34.7817174,0.0,0.0,0.0,0.006062015891075134,-0.004124567378312349,-0.000026631751097738743,,  
31.8054221,34.7817174,0.0,0.0,0.0,0.006062015891075134,-0.004124567378312349,-0.000026631751097738743,,  
31.8054221,34.7817174,0.0,0.0,0.0,0.006062015891075134,-0.004124567378312349,-0.000026631751097738743,,  
31.8054221,34.7817174,0.0,0.0,0.0,0.006062015891075134,-0.004124567378312349,-0.000026631751097738743,,  
31.8054221,34.7817174,0.0,0.0,0.0,0.006062015891075134,-0.004124567378312349,-0.000026631751097738743,,  
31.8054221,34.7817174,0.0,0.0,0.0,-0.009357674047350883,-0.004417513497173786,-0.0026098955422639847,,  
31.8054221,34.7817174,0.0,0.0,0.0,-0.009357674047350883,-0.004417513497173786,-0.0026098955422639847,,  
31.8054221,34.7817174,0.0,0.0,0.0,-0.009357674047350883,-0.004417513497173786,-0.0026098955422639847,,  
31.8054221,34.7817174,0.0,0.0,0.0,-0.009357674047350883,-0.004417513497173786,-0.0026098955422639847,,  
31.8054221,34.7817174,0.0,0.0,0.0,-0.009357674047350883,-0.004417513497173786,-0.0026098955422639847,,  
31.8054221,34.7817174,0.0,0.0,0.0,-0.009357674047350883,-0.004417513497173786,-0.0026098955422639847,,  
31.8054221,34.7817174,0.0,0.0,0.0,-0.009357674047350883,-0.004417513497173786,-0.0026098955422639847,,  
31.8054221,34.7817174,0.0,0.0,0.0,-0.009357674047350883,-0.004417513497173786,-0.0026098955422639847,,  
31.8054221,34.7817174,0.0,0.0,0.0,-0.009357674047350883,-0.004417513497173786,-0.0026098955422639847,,  
31.8054221,34.7817174,0.0,0.0,0.0,-0.009357674047350883,-0.004417513497173786,-0.0026098955422639847,,  
31.8054221,34.7817174,0.0,0.0,0.0,0.0071272780187428,-0.0018875135574489832,-0.000026631285436451435,,  
31.8054221,34.7817174,0.0,0.0,0.0,0.0071272780187428,-0.0018875135574489832,-0.000026631285436451435,,  
31.8054221,34.7817174,0.0,0.0,0.0,0.0071272780187428,-0.0018875135574489832,-0.000026631285436451435,,  
31.8054221,34.7817174,0.0,0.0,0.0,0.0071272780187428,-0.0018875135574489832,-0.000026631285436451435,,  
31.8054221,34.7817174,0.0,0.0,0.0,0.0071272780187428,-0.0018875135574489832,-0.000026631285436451435,,  
31.8054221,34.7817174,0.0,0.0,0.0,0.0071272780187428,-0.0018875135574489832,-0.000026631285436451435,,  
31.8054221,34.7817174,0.0,0.0,0.0,0.0071272780187428,-0.0018875135574489832,-0.000026631285436451435,,  
31.8054221,34.7817174,0.0,0.0,0.0,0.0071272780187428,-0.0018875135574489832,-0.000026631285436451435,,  
31.8054221,34.7817174,0.0,0.0,0.0,0.0071272780187428,-0.0018875135574489832,-0.000026631285436451435,,  
31.8054221,34.7817174,0.0,0.0,0.0,0.0071272780187428,-0.0018875135574489832,-0.000026631285436451435,,  
31.8054221,34.7817174,0.0,0.0,0.0,0.0071272780187428,-0.0018875135574489832,-0.000026631285436451435,,  
31.8054221,34.7817174,0.0,0.0,0.0,0.0071272780187428,-0.0018875135574489832,-0.000026631285436451435,,  
31.8054221,34.7817174,0.0,0.0,0.0,0.0071272780187428,-0.0018875135574489832,-0.000026631285436451435,,  
31.8054221,34.7817174,0.0,0.0,0.0,0.0071272780187428,-0.0018875135574489832,-0.000026631285436451435,,  
31.8054221,34.7817174,0.0,0.0,0.0,0.0071272780187428,-0.0018875135574489832,-0.000026631285436451435,,  
31.8054221,34.7817174,0.0,0.0,0.0,0.0071272780187428,-0.0018875135574489832,-0.000026631285436451435,,  
31.8054221,34.7817174,0.0,0.0,0.0,0.0071272780187428,-0.0018875135574489832,-0.000026631285436451435,,  
31.8054221,34.7817174,0.0,0.0,0.0,0.0071272780187428,-0.0018875135574489832,-0.000026631285436451435,,  
31.8054221,34.7817174,0.0,0.0,0.0,0.0071272780187428,-0.0018875135574489832,-0.000026631285436451435,,  
31.8054221,34.7817174,0.0,0.0,0.0,0.0071272780187428,-0.0018875135574489832,-0.000026631285436451435,,  
31.8054221,34.7817174,0.0,0.0,0.0,-0.021235361695289612,0.02410491555929184,-0.009294423274695873,,  
31.8054221,34.7817174,0.0,0.0,0.0,-0.021235361695289612,0.02410491555929184,-0.009294423274695873,,  
31.8054221,34.7817174,0.0,0.0,0.0,-0.021235361695289612,0.02410491555929184,-0.009294423274695873,,  
31.8054221,34.7817174,0.0,0.0,0.0,-0.021235361695289612,0.02410491555929184,-0.009294423274695873,,  
31.8054221,34.7817174,0.0,0.0,0.0,-0.021235361695289612,0.02410491555929184,-0.009294423274695873,,  
31.8054221,34.7817174,0.0,0.0,0.0,-0.021235361695289612,0.02410491555929184,-0.009294423274695873,,  
31.8054221,34.7817174,0.0,0.0,0.0,-0.021235361695289612,0.02410491555929184,-0.009294423274695873,,  
31.8054221,34.7817174,0.0,0.0,0.0,-0.021235361695289612,0.02410491555929184,-0.009294423274695873,,  
31.8054221,34.7817174,0.0,0.0,0.0,-0.021235361695289612,0.02410491555929184,-0.009294423274695873,,  
31.8054221,34.7817174,0.0,0.0,0.0,-0.021235361695289612,0.02410491555929184,-0.009294423274695873,,  
31.8054221,34.7817174,0.0,0.0,0.0,-0.021235361695289612,0.02410491555929184,-0.009294423274695873,,  
31.8054221,34.7817174,0.0,0.0,0.0,-0.021235361695289612,0.02410491555929184,-0.009294423274695873,,  
31.8054221,34.7817174,0.0,0.0,0.0,-0.021235361695289612,0.02410491555929184,-0.009294423274695873,,  
31.8054221,34.7817174,0.0,0.0,0.0,-0.021235361695289612,0.02410491555929184,-0.009294423274695873,,  
31.8054221,34.7817174,0.0,0.0,0.0,-0.021235361695289612,0.02410491555929184,-0.009294423274695873,,  
31.8054221,34.7817174,0.0,0.0,0.0,-0.021235361695289612,0.02410491555929184,-0.009294423274695873,,  
31.8054221,34.7817174,0.0,0.0,0.0,-0.021235361695289612,0.02410491555929184,-0.009294423274695873,,  
31.8054221,34.7817174,0.0,0.0,0.0,-0.021235361695289612,0.02410491555929184,-0.009294423274695873,,  
31.8054221,34.7817174,0.0,0.0,0.0,-0.021235361695289612,0.02410491555929184,-0.009294423274695873,,  
31.8054221,34.7817174,0.0,0.0,0.0,-0.021235361695289612,0.02410491555929184,-0.009294423274695873,,  
31.8054221,34.7817174,0.0,0.0,0.0,-0.007573357317596674,-0.004044672939926386,-0.002450105734169483,,  
31.8054221,34.7817174,0.0,0.0,0.0,-0.007573357317596674,-0.004044672939926386,-0.002450105734169483,,  
31.8054221,34.7817174,0.0,0.0,0.0,-0.007573357317596674,-0.004044672939926386,-0.002450105734169483,,  
31.8054221,34.7817174,0.0,0.0,0.0,-0.007573357317596674,-0.004044672939926386,-0.002450105734169483,,  
31.8054221,34.7817174,0.0,0.0,0.0,-0.007573357317596674,-0.004044672939926386,-0.002450105734169483,,  
31.8054221,34.7817174,0.0,0.0,0.0,-0.007573357317596674,-0.004044672939926386,-0.002450105734169483,,  
31.8054221,34.7817174,0.0,0.0,0.0,-0.007573357317596674,-0.004044672939926386,-0.002450105734169483,,  
31.8054221,34.7817174,0.0,0.0,0.0,-0.007573357317596674,-0.004044672939926386,-0.002450105734169483,,  
31.8054221,34.7817174,0.0,0.0,0.0,-0.007573357317596674,-0.004044672939926386,-0.002450105734169483,,  
31.8054221,34.7817174,0.0,0.0,0.0,-0.007573357317596674,-0.004044672939926386,-0.002450105734169483,,  
31.8054221,34.7817174,0.0,0.0,0.0,-0.005069987382739782,0.01132175326347351,-0.003515369724482298,,  
31.8054221,34.7817174,0.0,0.0,0.0,-0.005069987382739782,0.01132175326347351,-0.003515369724482298,,  
31.8054221,34.7817174,0.0,0.0,0.0,-0.005069987382739782,0.01132175326347351,-0.003515369724482298,,  
31.8054221,34.7817174,0.0,0.0,0.0,-0.005069987382739782,0.01132175326347351,-0.003515369724482298,,  
31.8054221,34.7817174,0.0,0.0,0.0,-0.005069987382739782,0.01132175326347351,-0.003515369724482298,,  
31.8054221,34.7817174,0.0,0.0,0.0,-0.005069987382739782,0.01132175326347351,-0.003515369724482298,,  
31.8054221,34.7817174,0.0,0.0,0.0,-0.005069987382739782,0.01132175326347351,-0.003515369724482298,,  
31.8054221,34.7817174,0.0,0.0,0.0,-0.005069987382739782,0.01132175326347351,-0.003515369724482298,,  
31.8054221,34.7817174,0.0,0.0,0.0,-0.005069987382739782,0.01132175326347351,-0.003515369724482298,,  
31.8054221,34.7817174,0.0,0.0,0.0,-0.005069987382739782,0.01132175326347351,-0.003515369724482298,,  
31.8054221,34.7817174,0.0,0.0,0.0,-0.005069987382739782,0.01132175326347351,-0.003515369724482298,,  
31.8054221,34.7817174,0.0,0.0,0.0,-0.005069987382739782,0.01132175326347351,-0.003515369724482298,,  
31.8054221,34.7817174,0.0,0.0,0.0,-0.005069987382739782,0.01132175326347351,-0.003515369724482298,,  
31.8054221,34.7817174,0.0,0.0,0.0,-0.005069987382739782,0.01132175326347351,-0.003515369724482298,,  
31.8054221,34.7817174,0.0,0.0,0.0,-0.005069987382739782,0.01132175326347351,-0.003515369724482298,,  
31.8054221,34.7817174,0.0,0.0,0.0,-0.005069987382739782,0.01132175326347351,-0.003515369724482298,,  
31.8054221,34.7817174,0.0,0.0,0.0,-0.005069987382739782,0.01132175326347351,-0.003515369724482298,,  
31.8054221,34.7817174,0.0,0.0,0.0,-0.005069987382739782,0.01132175326347351,-0.003515369724482298,,  
31.8054221,34.7817174,0.0,0.0,0.0,-0.005069987382739782,0.01132175326347351,-0.003515369724482298,,  
31.8054221,34.7817174,0.0,0.0,0.0,-0.005069987382739782,0.01132175326347351,-0.003515369724482298,,  
31.8054221,34.7817174,0.0,0.0,0.0,-0.00855872593820095,0.02453102171421051,-0.008149266242980957,,  
31.8054221,34.7817174,0.0,0.0,0.0,-0.00855872593820095,0.02453102171421051,-0.008149266242980957,,  
31.8054221,34.7817174,0.0,0.0,0.0,-0.00855872593820095,0.02453102171421051,-0.008149266242980957,,  
31.8054221,34.7817174,0.0,0.0,0.0,-0.00855872593820095,0.02453102171421051,-0.008149266242980957,,  
31.8054221,34.7817174,0.0,0.0,0.0,-0.00855872593820095,0.02453102171421051,-0.008149266242980957,,  
31.8054221,34.7817174,0.0,0.0,0.0,-0.00855872593820095,0.02453102171421051,-0.008149266242980957,,  
31.8054221,34.7817174,0.0,0.0,0.0,-0.00855872593820095,0.02453102171421051,-0.008149266242980957,,  
31.8054221,34.7817174,0.0,0.0,0.0,-0.00855872593820095,0.02453102171421051,-0.008149266242980957,,  
31.8054221,34.7817174,0.0,0.0,0.0,-0.00855872593820095,0.02453102171421051,-0.008149266242980957,,  
31.8054221,34.7817174,0.0,0.0,0.0,-0.00855872593820095,0.02453102171421051,-0.008149266242980957,,  
31.8054221,34.7817174,0.0,0.0,0.0,0.003798331134021282,-0.005109935533255339,0.010918951593339443,,  
31.8054221,34.7817174,0.0,0.0,0.0,0.003798331134021282,-0.005109935533255339,0.010918951593339443,,  
31.8054221,34.7817174,0.0,0.0,0.0,0.003798331134021282,-0.005109935533255339,0.010918951593339443,,  
31.8054221,34.7817174,0.0,0.0,0.0,0.003798331134021282,-0.005109935533255339,0.010918951593339443,,  
31.8054221,34.7817174,0.0,0.0,0.0,0.003798331134021282,-0.005109935533255339,0.010918951593339443,,  
31.8054221,34.7817174,0.0,0.0,0.0,0.003798331134021282,-0.005109935533255339,0.010918951593339443,,  
31.8054221,34.7817174,0.0,0.0,0.0,0.003798331134021282,-0.005109935533255339,0.010918951593339443,,  
31.8054221,34.7817174,0.0,0.0,0.0,0.003798331134021282,-0.005109935533255339,0.010918951593339443,,  
31.8054221,34.7817174,0.0,0.0,0.0,0.003798331134021282,-0.005109935533255339,0.010918951593339443,,  
31.8054221,34.7817174,0.0,0.0,0.0,0.003798331134021282,-0.005109935533255339,0.010918951593339443,,  
31.8054221,34.7817174,0.0,0.0,0.0,0.003798331134021282,-0.005109935533255339,0.010918951593339443,,  
31.8054221,34.7817174,0.0,0.0,0.0,0.003798331134021282,-0.005109935533255339,0.010918951593339443,,  
31.8054221,34.7817174,0.0,0.0,0.0,0.003798331134021282,-0.005109935533255339,0.010918951593339443,,  
31.8054221,34.7817174,0.0,0.0,0.0,0.003798331134021282,-0.005109935533255339,0.010918951593339443,,  
31.8054221,34.7817174,0.0,0.0,0.0,0.003798331134021282,-0.005109935533255339,0.010918951593339443,,  
31.8054221,34.7817174,0.0,0.0,0.0,0.003798331134021282,-0.005109935533255339,0.010918951593339443,,  
31.8054221,34.7817174,0.0,0.0,0.0,0.003798331134021282,-0.005109935533255339,0.010918951593339443,,  
31.8054221,34.7817174,0.0,0.0,0.0,0.003798331134021282,-0.005109935533255339,0.010918951593339443,,  
31.8054221,34.7817174,0.0,0.0,0.0,0.003798331134021282,-0.005109935533255339,0.010918951593339443,,  
31.8054221,34.7817174,0.0,0.0,0.0,0.003798331134021282,-0.005109935533255339,0.010918951593339443,,  
31.8054221,34.7817174,0.0,0.0,0.0,0.005982121918350458,-0.012992886826395988,0.0065780021250247955,,  
31.8054221,34.7817174,0.0,0.0,0.0,0.005982121918350458,-0.012992886826395988,0.0065780021250247955,,  
31.8054221,34.7817174,0.0,0.0,0.0,0.005982121918350458,-0.012992886826395988,0.0065780021250247955,,  
31.8054221,34.7817174,0.0,0.0,0.0,0.005982121918350458,-0.012992886826395988,0.0065780021250247955,,  
31.8054221,34.7817174,0.0,0.0,0.0,0.005982121918350458,-0.012992886826395988,0.0065780021250247955,,  
31.8054221,34.7817174,0.0,0.0,0.0,0.005982121918350458,-0.012992886826395988,0.0065780021250247955,,  
31.8054221,34.7817174,0.0,0.0,0.0,0.005982121918350458,-0.012992886826395988,0.0065780021250247955,,  
31.8054221,34.7817174,0.0,0.0,0.0,0.005982121918350458,-0.012992886826395988,0.0065780021250247955,,  
31.8054221,34.7817174,0.0,0.0,0.0,0.005982121918350458,-0.012992886826395988,0.0065780021250247955,,  
31.8054221,34.7817174,0.0,0.0,0.0,0.005982121918350458,-0.012992886826395988,0.0065780021250247955,,  
31.8054221,34.7817174,0.0,0.0,0.0,0.005982121918350458,-0.012992886826395988,0.0065780021250247955,,  
31.8054221,34.7817174,0.0,0.0,0.0,0.005982121918350458,-0.012992886826395988,0.0065780021250247955,,  
31.8054221,34.7817174,0.0,0.0,0.0,0.005982121918350458,-0.012992886826395988,0.0065780021250247955,,  
31.8054221,34.7817174,0.0,0.0,0.0,0.005982121918350458,-0.012992886826395988,0.0065780021250247955,,  
31.8054221,34.7817174,0.0,0.0,0.0,0.005982121918350458,-0.012992886826395988,0.0065780021250247955,,  
31.8054221,34.7817174,0.0,0.0,0.0,0.005982121918350458,-0.012992886826395988,0.0065780021250247955,,  
31.8054221,34.7817174,0.0,0.0,0.0,0.005982121918350458,-0.012992886826395988,0.0065780021250247955,,  
31.8054221,34.7817174,0.0,0.0,0.0,0.005982121918350458,-0.012992886826395988,0.0065780021250247955,,  
31.8054221,34.7817174,0.0,0.0,0.0,0.005982121918350458,-0.012992886826395988,0.0065780021250247955,,  
31.8054221,34.7817174,0.0,0.0,0.0,0.005982121918350458,-0.012992886826395988,0.0065780021250247955,,  
31.8054221,34.7817174,0.0,0.0,0.0,0.005982121918350458,-0.012992886826395988,0.0065780021250247955,,  
31.8054221,34.7817174,0.0,0.0,0.0,-0.003951461520045996,-0.00574909383431077,-0.0057257916778326035,,  
31.8054221,34.7817174,0.0,0.0,0.0,-0.003951461520045996,-0.00574909383431077,-0.0057257916778326035,,  
31.8054221,34.7817174,0.0,0.0,0.0,-0.003951461520045996,-0.00574909383431077,-0.0057257916778326035,,  
31.8054221,34.7817174,0.0,0.0,0.0,-0.003951461520045996,-0.00574909383431077,-0.0057257916778326035,,  
31.8054221,34.7817174,0.0,0.0,0.0,-0.003951461520045996,-0.00574909383431077,-0.0057257916778326035,,  
31.8054221,34.7817174,0.0,0.0,0.0,-0.003951461520045996,-0.00574909383431077,-0.0057257916778326035,,  
31.8054221,34.7817174,0.0,0.0,0.0,-0.003951461520045996,-0.00574909383431077,-0.0057257916778326035,,  
31.8054221,34.7817174,0.0,0.0,0.0,-0.003951461520045996,-0.00574909383431077,-0.0057257916778326035,,  
31.8054221,34.7817174,0.0,0.0,0.0,-0.003951461520045996,-0.00574909383431077,-0.0057257916778326035,,  
31.8054221,34.7817174,0.0,0.0,0.0,-0.003951461520045996,-0.00574909383431077,-0.0057257916778326035,,  
31.8054221,34.7817174,0.0,0.0,0.0,-0.003951461520045996,-0.00574909383431077,-0.0057257916778326035,,  
31.8054221,34.7817174,0.0,0.0,0.0,-0.003951461520045996,-0.00574909383431077,-0.0057257916778326035,,  
31.8054221,34.7817174,0.0,0.0,0.0,-0.003951461520045996,-0.00574909383431077,-0.0057257916778326035,,  
31.8054221,34.7817174,0.0,0.0,0.0,-0.003951461520045996,-0.00574909383431077,-0.0057257916778326035,,  
31.8054221,34.7817174,0.0,0.0,0.0,-0.003951461520045996,-0.00574909383431077,-0.0057257916778326035,,  
31.8054221,34.7817174,0.0,0.0,0.0,-0.003951461520045996,-0.00574909383431077,-0.0057257916778326035,,  
31.8054221,34.7817174,0.0,0.0,0.0,-0.003951461520045996,-0.00574909383431077,-0.0057257916778326035,,  
31.8054221,34.7817174,0.0,0.0,0.0,-0.003951461520045996,-0.00574909383431077,-0.0057257916778326035,,  
31.8054221,34.7817174,0.0,0.0,0.0,-0.003951461520045996,-0.00574909383431077,-0.0057257916778326035,,  
31.8054221,34.7817174,0.0,0.0,0.0,-0.003951461520045996,-0.00574909383431077,-0.0057257916778326035,,  
31.8054221,34.7817174,0.0,0.0,0.0,-0.00807935744524002,-0.004603935405611992,-0.011238530278205872,,  
31.8054221,34.7817174,0.0,0.0,0.0,-0.00807935744524002,-0.004603935405611992,-0.011238530278205872,,  
31.8054221,34.7817174,0.0,0.0,0.0,-0.00807935744524002,-0.004603935405611992,-0.011238530278205872,,  
31.8054221,34.7817174,0.0,0.0,0.0,-0.00807935744524002,-0.004603935405611992,-0.011238530278205872,,  
31.8054221,34.7817174,0.0,0.0,0.0,-0.00807935744524002,-0.004603935405611992,-0.011238530278205872,,  
31.8054221,34.7817174,0.0,0.0,0.0,-0.00807935744524002,-0.004603935405611992,-0.011238530278205872,,  
31.8054221,34.7817174,0.0,0.0,0.0,-0.00807935744524002,-0.004603935405611992,-0.011238530278205872,,  
31.8054221,34.7817174,0.0,0.0,0.0,-0.00807935744524002,-0.004603935405611992,-0.011238530278205872,,  
31.8054221,34.7817174,0.0,0.0,0.0,-0.00807935744524002,-0.004603935405611992,-0.011238530278205872,,  
31.8054221,34.7817174,0.0,0.0,0.0,-0.00807935744524002,-0.004603935405611992,-0.011238530278205872,,  
31.8054221,34.7817174,0.0,0.0,0.0,-0.00807935744524002,-0.004603935405611992,-0.011238530278205872,,  
31.8054221,34.7817174,0.0,0.0,0.0,-0.00807935744524002,-0.004603935405611992,-0.011238530278205872,,  
31.8054221,34.7817174,0.0,0.0,0.0,-0.00807935744524002,-0.004603935405611992,-0.011238530278205872,,  
31.8054221,34.7817174,0.0,0.0,0.0,-0.00807935744524002,-0.004603935405611992,-0.011238530278205872,,  
31.8054221,34.7817174,0.0,0.0,0.0,-0.00807935744524002,-0.004603935405611992,-0.011238530278205872,,  
31.8054221,34.7817174,0.0,0.0,0.0,-0.00807935744524002,-0.004603935405611992,-0.011238530278205872,,  
31.8054221,34.7817174,0.0,0.0,0.0,-0.00807935744524002,-0.004603935405611992,-0.011238530278205872,,  
31.8054221,34.7817174,0.0,0.0,0.0,-0.00807935744524002,-0.004603935405611992,-0.011238530278205872,,  
31.8054221,34.7817174,0.0,0.0,0.0,-0.00807935744524002,-0.004603935405611992,-0.011238530278205872,,  
31.8054221,34.7817174,0.0,0.0,0.0,-0.00807935744524002,-0.004603935405611992,-0.011238530278205872,,  
31.8054221,34.7817174,0.0,0.0,0.0,-0.009304411709308624,-0.004976777359843254,0.0009587375679984689,,  
31.8054221,34.7817174,0.0,0.0,0.0,-0.009304411709308624,-0.004976777359843254,0.0009587375679984689,,  
31.8054221,34.7817174,0.0,0.0,0.0,-0.009304411709308624,-0.004976777359843254,0.0009587375679984689,,  
31.8054221,34.7817174,0.0,0.0,0.0,-0.009304411709308624,-0.004976777359843254,0.0009587375679984689,,  
31.8054221,34.7817174,0.0,0.0,0.0,-0.009304411709308624,-0.004976777359843254,0.0009587375679984689,,  
31.8054221,34.7817174,0.0,0.0,0.0,-0.009304411709308624,-0.004976777359843254,0.0009587375679984689,,  
31.8054221,34.7817174,0.0,0.0,0.0,-0.009304411709308624,-0.004976777359843254,0.0009587375679984689,,  
31.8054221,34.7817174,0.0,0.0,0.0,-0.009304411709308624,-0.004976777359843254,0.0009587375679984689,,  
31.8054221,34.7817174,0.0,0.0,0.0,-0.009304411709308624,-0.004976777359843254,0.0009587375679984689,,  
31.8054221,34.7817174,0.0,0.0,0.0,-0.009304411709308624,-0.004976777359843254,0.0009587375679984689,,  
31.8054221,34.7817174,0.0,0.0,0.0,0.011335069313645363,-0.007852991111576557,0.0021837898530066013,,  
31.8054221,34.7817174,0.0,0.0,0.0,0.011335069313645363,-0.007852991111576557,0.0021837898530066013,,  
31.8054221,34.7817174,0.0,0.0,0.0,0.011335069313645363,-0.007852991111576557,0.0021837898530066013,,  
31.8054221,34.7817174,0.0,0.0,0.0,0.011335069313645363,-0.007852991111576557,0.0021837898530066013,,  
31.8054221,34.7817174,0.0,0.0,0.0,0.011335069313645363,-0.007852991111576557,0.0021837898530066013,,  
31.8054221,34.7817174,0.0,0.0,0.0,0.011335069313645363,-0.007852991111576557,0.0021837898530066013,,  
31.8054221,34.7817174,0.0,0.0,0.0,0.011335069313645363,-0.007852991111576557,0.0021837898530066013,,  
31.8054221,34.7817174,0.0,0.0,0.0,0.011335069313645363,-0.007852991111576557,0.0021837898530066013,,  
31.8054221,34.7817174,0.0,0.0,0.0,0.011335069313645363,-0.007852991111576557,0.0021837898530066013,,  
31.8054221,34.7817174,0.0,0.0,0.0,0.011335069313645363,-0.007852991111576557,0.0021837898530066013,,  
31.8054221,34.7817174,0.0,0.0,0.0,0.011335069313645363,-0.007852991111576557,0.0021837898530066013,,  
31.8054221,34.7817174,0.0,0.0,0.0,0.011335069313645363,-0.007852991111576557,0.0021837898530066013,,  
31.8054221,34.7817174,0.0,0.0,0.0,0.011335069313645363,-0.007852991111576557,0.0021837898530066013,,  
31.8054221,34.7817174,0.0,0.0,0.0,0.011335069313645363,-0.007852991111576557,0.0021837898530066013,,  
31.8054221,34.7817174,0.0,0.0,0.0,0.011335069313645363,-0.007852991111576557,0.0021837898530066013,,  
31.8054221,34.7817174,0.0,0.0,0.0,0.011335069313645363,-0.007852991111576557,0.0021837898530066013,,  
31.8054221,34.7817174,0.0,0.0,0.0,0.011335069313645363,-0.007852991111576557,0.0021837898530066013,,  
31.8054221,34.7817174,0.0,0.0,0.0,0.011335069313645363,-0.007852991111576557,0.0021837898530066013,,  
31.8054221,34.7817174,0.0,0.0,0.0,0.011335069313645363,-0.007852991111576557,0.0021837898530066013,,  
31.8054221,34.7817174,0.0,0.0,0.0,0.011335069313645363,-0.007852991111576557,0.0021837898530066013,,  
31.8054221,34.7817174,0.0,0.0,0.0,-0.0030459887348115444,0.0012017498956993222,-0.0006391580682247877,,  
31.8054221,34.7817174,0.0,0.0,0.0,-0.0030459887348115444,0.0012017498956993222,-0.0006391580682247877,,  
31.8054221,34.7817174,0.0,0.0,0.0,-0.0030459887348115444,0.0012017498956993222,-0.0006391580682247877,,  
31.8054221,34.7817174,0.0,0.0,0.0,-0.0030459887348115444,0.0012017498956993222,-0.0006391580682247877,,  
31.8054221,34.7817174,0.0,0.0,0.0,-0.0030459887348115444,0.0012017498956993222,-0.0006391580682247877,,  
31.8054221,34.7817174,0.0,0.0,0.0,-0.0030459887348115444,0.0012017498956993222,-0.0006391580682247877,,  
31.8054221,34.7817174,0.0,0.0,0.0,-0.0030459887348115444,0.0012017498956993222,-0.0006391580682247877,,  
31.8054221,34.7817174,0.0,0.0,0.0,-0.0030459887348115444,0.0012017498956993222,-0.0006391580682247877,,  
31.8054221,34.7817174,0.0,0.0,0.0,-0.0030459887348115444,0.0012017498956993222,-0.0006391580682247877,,  
31.8054221,34.7817174,0.0,0.0,0.0,-0.0030459887348115444,0.0012017498956993222,-0.0006391580682247877,,  
31.8054221,34.7817174,0.0,0.0,0.0,0.0077131749130785465,0.0019208028679713607,0.006897580809891224,,  
31.8054221,34.7817174,0.0,0.0,0.0,0.0077131749130785465,0.0019208028679713607,0.006897580809891224,,  
31.8054221,34.7817174,0.0,0.0,0.0,0.0077131749130785465,0.0019208028679713607,0.006897580809891224,,  
31.8054221,34.7817174,0.0,0.0,0.0,0.0077131749130785465,0.0019208028679713607,0.006897580809891224,,  
31.8054221,34.7817174,0.0,0.0,0.0,0.0077131749130785465,0.0019208028679713607,0.006897580809891224,,  
31.8054221,34.7817174,0.0,0.0,0.0,0.0077131749130785465,0.0019208028679713607,0.006897580809891224,,  
31.8054221,34.7817174,0.0,0.0,0.0,0.0077131749130785465,0.0019208028679713607,0.006897580809891224,,  
31.8054221,34.7817174,0.0,0.0,0.0,0.0077131749130785465,0.0019208028679713607,0.006897580809891224,,  
31.8054221,34.7817174,0.0,0.0,0.0,0.0077131749130785465,0.0019208028679713607,0.006897580809891224,,  
31.8054221,34.7817174,0.0,0.0,0.0,0.0077131749130785465,0.0019208028679713607,0.006897580809891224,,  
31.8054221,34.7817174,0.0,0.0,0.0,0.0077131749130785465,0.0019208028679713607,0.006897580809891224,,  
31.8054181,34.7817181,0.0,0.0,0.0,0.0077131749130785465,0.0019208028679713607,0.006897580809891224,,  
31.8054181,34.7817181,0.0,0.0,0.0,0.0077131749130785465,0.0019208028679713607,0.006897580809891224,,  
31.8054181,34.7817181,0.0,0.0,0.0,0.0077131749130785465,0.0019208028679713607,0.006897580809891224,,  
31.8054181,34.7817181,0.0,0.0,0.0,0.0077131749130785465,0.0019208028679713607,0.006897580809891224,,  
31.8054181,34.7817181,0.0,0.0,0.0,0.0077131749130785465,0.0019208028679713607,0.006897580809891224,,  
31.8054181,34.7817181,0.0,0.0,0.0,0.0077131749130785465,0.0019208028679713607,0.006897580809891224,,  
31.8054181,34.7817181,0.0,0.0,0.0,0.0077131749130785465,0.0019208028679713607,0.006897580809891224,,  
31.8054181,34.7817181,0.0,0.0,0.0,0.0077131749130785465,0.0019208028679713607,0.006897580809891224,,  
31.8054181,34.7817181,0.0,0.0,0.0,0.0077131749130785465,0.0019208028679713607,0.006897580809891224,,  
31.8054181,34.7817181,0.0,0.0,0.0,0.005502751562744379,-0.013525517657399178,-0.004021370317786932,,  
31.8054181,34.7817181,0.0,0.0,0.0,0.005502751562744379,-0.013525517657399178,-0.004021370317786932,,  
31.8054181,34.7817181,0.0,0.0,0.0,0.005502751562744379,-0.013525517657399178,-0.004021370317786932,,  
31.8054181,34.7817181,0.0,0.0,0.0,0.005502751562744379,-0.013525517657399178,-0.004021370317786932,,  
31.8054181,34.7817181,0.0,0.0,0.0,0.005502751562744379,-0.013525517657399178,-0.004021370317786932,,  
31.8054181,34.7817181,0.0,0.0,0.0,0.005502751562744379,-0.013525517657399178,-0.004021370317786932,,  
31.8054181,34.7817181,0.0,0.0,0.0,0.005502751562744379,-0.013525517657399178,-0.004021370317786932,,  
31.8054181,34.7817181,0.0,0.0,0.0,0.005502751562744379,-0.013525517657399178,-0.004021370317786932,,  
31.8054181,34.7817181,0.0,0.0,0.0,0.005502751562744379,-0.013525517657399178,-0.004021370317786932,,  
31.8054181,34.7817181,0.0,0.0,0.0,0.005502751562744379,-0.013525517657399178,-0.004021370317786932,,  
31.8054181,34.7817181,0.0,0.0,0.0,0.005502751562744379,-0.013525517657399178,-0.004021370317786932,,  
31.8054181,34.7817181,0.0,0.0,0.0,0.005502751562744379,-0.013525517657399178,-0.004021370317786932,,  
31.8054181,34.7817181,0.0,0.0,0.0,0.005502751562744379,-0.013525517657399178,-0.004021370317786932,,  
31.8054181,34.7817181,0.0,0.0,0.0,0.005502751562744379,-0.013525517657399178,-0.004021370317786932,,  
31.8054181,34.7817181,0.0,0.0,0.0,0.005502751562744379,-0.013525517657399178,-0.004021370317786932,,  
31.8054181,34.7817181,0.0,0.0,0.0,0.005502751562744379,-0.013525517657399178,-0.004021370317786932,,  
31.8054181,34.7817181,0.0,0.0,0.0,0.005502751562744379,-0.013525517657399178,-0.004021370317786932,,  
31.8054181,34.7817181,0.0,0.0,0.0,0.005502751562744379,-0.013525517657399178,-0.004021370317786932,,  
31.8054181,34.7817181,0.0,0.0,0.0,0.005502751562744379,-0.013525517657399178,-0.004021370317786932,,  
31.8054181,34.7817181,0.0,0.0,0.0,0.005502751562744379,-0.013525517657399178,-0.004021370317786932,,  
31.8054181,34.7817181,0.0,0.0,0.0,0.003691804362460971,-0.0073469895869493484,0.0046338969841599464,,  
31.8054181,34.7817181,0.0,0.0,0.0,0.003691804362460971,-0.0073469895869493484,0.0046338969841599464,,  
31.8054181,34.7817181,0.0,0.0,0.0,0.003691804362460971,-0.0073469895869493484,0.0046338969841599464,,  
31.8054181,34.7817181,0.0,0.0,0.0,0.003691804362460971,-0.0073469895869493484,0.0046338969841599464,,  
31.8054181,34.7817181,0.0,0.0,0.0,0.003691804362460971,-0.0073469895869493484,0.0046338969841599464,,  
31.8054181,34.7817181,0.0,0.0,0.0,0.003691804362460971,-0.0073469895869493484,0.0046338969841599464,,  
31.8054181,34.7817181,0.0,0.0,0.0,0.003691804362460971,-0.0073469895869493484,0.0046338969841599464,,  
31.8054181,34.7817181,0.0,0.0,0.0,0.003691804362460971,-0.0073469895869493484,0.0046338969841599464,,  
31.8054181,34.7817181,0.0,0.0,0.0,0.003691804362460971,-0.0073469895869493484,0.0046338969841599464,,  
31.8054181,34.7817181,0.0,0.0,0.0,0.003691804362460971,-0.0073469895869493484,0.0046338969841599464,,  
31.8054181,34.7817181,0.0,0.0,0.0,-0.0013415658613666892,-0.0017277247970923781,-0.0009054740658029914,,  
31.8054181,34.7817181,0.0,0.0,0.0,-0.0013415658613666892,-0.0017277247970923781,-0.0009054740658029914,,  
31.8054181,34.7817181,0.0,0.0,0.0,-0.0013415658613666892,-0.0017277247970923781,-0.0009054740658029914,,  
31.8054181,34.7817181,0.0,0.0,0.0,-0.0013415658613666892,-0.0017277247970923781,-0.0009054740658029914,,  
31.8054181,34.7817181,0.0,0.0,0.0,-0.0013415658613666892,-0.0017277247970923781,-0.0009054740658029914,,  
31.8054181,34.7817181,0.0,0.0,0.0,-0.0013415658613666892,-0.0017277247970923781,-0.0009054740658029914,,  
31.8054181,34.7817181,0.0,0.0,0.0,-0.0013415658613666892,-0.0017277247970923781,-0.0009054740658029914,,  
31.8054181,34.7817181,0.0,0.0,0.0,-0.0013415658613666892,-0.0017277247970923781,-0.0009054740658029914,,  
31.8054181,34.7817181,0.0,0.0,0.0,-0.0013415658613666892,-0.0017277247970923781,-0.0009054740658029914,,  
31.8054181,34.7817181,0.0,0.0,0.0,-0.0013415658613666892,-0.0017277247970923781,-0.0009054740658029914,,  
31.8054181,34.7817181,0.0,0.0,0.0,-0.0013415658613666892,-0.0017277247970923781,-0.0009054740658029914,,  
31.8054181,34.7817181,0.0,0.0,0.0,-0.0013415658613666892,-0.0017277247970923781,-0.0009054740658029914,,  
31.8054181,34.7817181,0.0,0.0,0.0,-0.0013415658613666892,-0.0017277247970923781,-0.0009054740658029914,,  
31.8054181,34.7817181,0.0,0.0,0.0,-0.0013415658613666892,-0.0017277247970923781,-0.0009054740658029914,,  
31.8054181,34.7817181,0.0,0.0,0.0,-0.0013415658613666892,-0.0017277247970923781,-0.0009054740658029914,,  
31.8054181,34.7817181,0.0,0.0,0.0,-0.0013415658613666892,-0.0017277247970923781,-0.0009054740658029914,,  
31.8054181,34.7817181,0.0,0.0,0.0,-0.0013415658613666892,-0.0017277247970923781,-0.0009054740658029914,,  
31.8054181,34.7817181,0.0,0.0,0.0,-0.0013415658613666892,-0.0017277247970923781,-0.0009054740658029914,,  
31.8054181,34.7817181,0.0,0.0,0.0,-0.0013415658613666892,-0.0017277247970923781,-0.0009054740658029914,,  
31.8054181,34.7817181,0.0,0.0,0.0,-0.0013415658613666892,-0.0017277247970923781,-0.0009054740658029914,,  
31.8054181,34.7817181,0.0,0.0,0.0,-0.00040946065564639866,-0.017546886578202248,-0.0025033692363649607,,  
31.8054181,34.7817181,0.0,0.0,0.0,-0.00040946065564639866,-0.017546886578202248,-0.0025033692363649607,,  
31.8054181,34.7817181,0.0,0.0,0.0,-0.00040946065564639866,-0.017546886578202248,-0.0025033692363649607,,  
31.8054181,34.7817181,0.0,0.0,0.0,-0.00040946065564639866,-0.017546886578202248,-0.0025033692363649607,,  
31.8054181,34.7817181,0.0,0.0,0.0,-0.00040946065564639866,-0.017546886578202248,-0.0025033692363649607,,  
31.8054181,34.7817181,0.0,0.0,0.0,-0.00040946065564639866,-0.017546886578202248,-0.0025033692363649607,,  
31.8054181,34.7817181,0.0,0.0,0.0,-0.00040946065564639866,-0.017546886578202248,-0.0025033692363649607,,  
31.8054181,34.7817181,0.0,0.0,0.0,-0.00040946065564639866,-0.017546886578202248,-0.0025033692363649607,,  
31.8054181,34.7817181,0.0,0.0,0.0,-0.00040946065564639866,-0.017546886578202248,-0.0025033692363649607,,  
31.8054181,34.7817181,0.0,0.0,0.0,-0.00040946065564639866,-0.017546886578202248,-0.0025033692363649607,,  
31.8054181,34.7817181,0.0,0.0,0.0,-0.00954409409314394,0.01438438706099987,-0.007936212234199047,,  
31.8054181,34.7817181,0.0,0.0,0.0,-0.00954409409314394,0.01438438706099987,-0.007936212234199047,,  
31.8054181,34.7817181,0.0,0.0,0.0,-0.00954409409314394,0.01438438706099987,-0.007936212234199047,,  
31.8054181,34.7817181,0.0,0.0,0.0,-0.00954409409314394,0.01438438706099987,-0.007936212234199047,,  
31.8054181,34.7817181,0.0,0.0,0.0,-0.00954409409314394,0.01438438706099987,-0.007936212234199047,,  
31.8054181,34.7817181,0.0,0.0,0.0,-0.00954409409314394,0.01438438706099987,-0.007936212234199047,,  
31.8054181,34.7817181,0.0,0.0,0.0,-0.00954409409314394,0.01438438706099987,-0.007936212234199047,,  
31.8054181,34.7817181,0.0,0.0,0.0,-0.00954409409314394,0.01438438706099987,-0.007936212234199047,,  
31.8054181,34.7817181,0.0,0.0,0.0,-0.00954409409314394,0.01438438706099987,-0.007936212234199047,,  
31.8054181,34.7817181,0.0,0.0,0.0,-0.00954409409314394,0.01438438706099987,-0.007936212234199047,,  
31.8054181,34.7817181,0.0,0.0,0.0,-0.00954409409314394,0.01438438706099987,-0.007936212234199047,,  
31.8054181,34.7817181,0.0,0.0,0.0,-0.00954409409314394,0.01438438706099987,-0.007936212234199047,,  
31.8054181,34.7817181,0.0,0.0,0.0,-0.00954409409314394,0.01438438706099987,-0.007936212234199047,,  
31.8054181,34.7817181,0.0,0.0,0.0,-0.00954409409314394,0.01438438706099987,-0.007936212234199047,,  
31.8054181,34.7817181,0.0,0.0,0.0,-0.00954409409314394,0.01438438706099987,-0.007936212234199047,,  
31.8054181,34.7817181,0.0,0.0,0.0,-0.00954409409314394,0.01438438706099987,-0.007936212234199047,,  
31.8054181,34.7817181,0.0,0.0,0.0,-0.00954409409314394,0.01438438706099987,-0.007936212234199047,,  
31.8054181,34.7817181,0.0,0.0,0.0,-0.00954409409314394,0.01438438706099987,-0.007936212234199047,,  
31.8054181,34.7817181,0.0,0.0,0.0,-0.00954409409314394,0.01438438706099987,-0.007936212234199047,,  
31.8054181,34.7817181,0.0,0.0,0.0,-0.00954409409314394,0.01438438706099987,-0.007936212234199047,,  
31.8054181,34.7817181,0.0,0.0,0.0,-0.0030992506071925163,0.002000697422772646,-0.007190529257059097,,  
31.8054181,34.7817181,0.0,0.0,0.0,-0.0030992506071925163,0.002000697422772646,-0.007190529257059097,,  
31.8054181,34.7817181,0.0,0.0,0.0,-0.0030992506071925163,0.002000697422772646,-0.007190529257059097,,  
31.8054181,34.7817181,0.0,0.0,0.0,-0.0030992506071925163,0.002000697422772646,-0.007190529257059097,,  
31.8054181,34.7817181,0.0,0.0,0.0,-0.0030992506071925163,0.002000697422772646,-0.007190529257059097,,  
31.8054181,34.7817181,0.0,0.0,0.0,-0.0030992506071925163,0.002000697422772646,-0.007190529257059097,,  
31.8054181,34.7817181,0.0,0.0,0.0,-0.0030992506071925163,0.002000697422772646,-0.007190529257059097,,  
31.8054181,34.7817181,0.0,0.0,0.0,-0.0030992506071925163,0.002000697422772646,-0.007190529257059097,,  
31.8054181,34.7817181,0.0,0.0,0.0,-0.0030992506071925163,0.002000697422772646,-0.007190529257059097,,  
31.8054181,34.7817181,0.0,0.0,0.0,-0.0030992506071925163,0.002000697422772646,-0.007190529257059097,,  
31.8054181,34.7817181,0.0,0.0,0.0,0.004783699754625559,0.010043438524007797,0.0062317922711372375,,  
31.8054181,34.7817181,0.0,0.0,0.0,0.004783699754625559,0.010043438524007797,0.0062317922711372375,,  
31.8054181,34.7817181,0.0,0.0,0.0,0.004783699754625559,0.010043438524007797,0.0062317922711372375,,  
31.8054181,34.7817181,0.0,0.0,0.0,0.004783699754625559,0.010043438524007797,0.0062317922711372375,,  
31.8054181,34.7817181,0.0,0.0,0.0,0.004783699754625559,0.010043438524007797,0.0062317922711372375,,  
31.8054181,34.7817181,0.0,0.0,0.0,0.004783699754625559,0.010043438524007797,0.0062317922711372375,,  
31.8054181,34.7817181,0.0,0.0,0.0,0.004783699754625559,0.010043438524007797,0.0062317922711372375,,  
31.8054181,34.7817181,0.0,0.0,0.0,0.004783699754625559,0.010043438524007797,0.0062317922711372375,,  
31.8054181,34.7817181,0.0,0.0,0.0,0.004783699754625559,0.010043438524007797,0.0062317922711372375,,  
31.8054181,34.7817181,0.0,0.0,0.0,0.004783699754625559,0.010043438524007797,0.0062317922711372375,,  
31.8054181,34.7817181,0.0,0.0,0.0,-0.001075250213034451,-0.02465752139687538,-0.007057369686663151,,  
31.8054181,34.7817181,0.0,0.0,0.0,-0.001075250213034451,-0.02465752139687538,-0.007057369686663151,,  
31.8054181,34.7817181,0.0,0.0,0.0,-0.001075250213034451,-0.02465752139687538,-0.007057369686663151,,  
31.8054181,34.7817181,0.0,0.0,0.0,-0.001075250213034451,-0.02465752139687538,-0.007057369686663151,,  
31.8054181,34.7817181,0.0,0.0,0.0,-0.001075250213034451,-0.02465752139687538,-0.007057369686663151,,  
31.8054181,34.7817181,0.0,0.0,0.0,-0.001075250213034451,-0.02465752139687538,-0.007057369686663151,,  
31.8054181,34.7817181,0.0,0.0,0.0,-0.001075250213034451,-0.02465752139687538,-0.007057369686663151,,  
31.8054181,34.7817181,0.0,0.0,0.0,-0.001075250213034451,-0.02465752139687538,-0.007057369686663151,,  
31.8054181,34.7817181,0.0,0.0,0.0,-0.001075250213034451,-0.02465752139687538,-0.007057369686663151,,  
31.8054181,34.7817181,0.0,0.0,0.0,-0.001075250213034451,-0.02465752139687538,-0.007057369686663151,,  
31.8054181,34.7817181,0.0,0.0,0.0,-0.001075250213034451,-0.02465752139687538,-0.007057369686663151,,  
31.8054181,34.7817181,0.0,0.0,0.0,-0.001075250213034451,-0.02465752139687538,-0.007057369686663151,,  
31.8054181,34.7817181,0.0,0.0,0.0,-0.001075250213034451,-0.02465752139687538,-0.007057369686663151,,  
31.8054181,34.7817181,0.0,0.0,0.0,-0.001075250213034451,-0.02465752139687538,-0.007057369686663151,,  
31.8054181,34.7817181,0.0,0.0,0.0,-0.001075250213034451,-0.02465752139687538,-0.007057369686663151,,  
31.8054181,34.7817181,0.0,0.0,0.0,-0.001075250213034451,-0.02465752139687538,-0.007057369686663151,,  
31.8054181,34.7817181,0.0,0.0,0.0,-0.001075250213034451,-0.02465752139687538,-0.007057369686663151,,  
31.8054181,34.7817181,0.0,0.0,0.0,-0.001075250213034451,-0.02465752139687538,-0.007057369686663151,,  
31.8054181,34.7817181,0.0,0.0,0.0,-0.001075250213034451,-0.02465752139687538,-0.007057369686663151,,  
31.8054181,34.7817181,0.0,0.0,0.0,-0.001075250213034451,-0.02465752139687538,-0.007057369686663151,,  
31.8054181,34.7817181,0.0,0.0,0.0,-0.008691883645951748,0.006954173557460308,-0.0002663156483322382,,  
31.8054181,34.7817181,0.0,0.0,0.0,-0.008691883645951748,0.006954173557460308,-0.0002663156483322382,,  
31.8054181,34.7817181,0.0,0.0,0.0,-0.008691883645951748,0.006954173557460308,-0.0002663156483322382,,  
31.8054181,34.7817181,0.0,0.0,0.0,-0.008691883645951748,0.006954173557460308,-0.0002663156483322382,,  
31.8054181,34.7817181,0.0,0.0,0.0,-0.008691883645951748,0.006954173557460308,-0.0002663156483322382,,  
31.8054181,34.7817181,0.0,0.0,0.0,-0.008691883645951748,0.006954173557460308,-0.0002663156483322382,,  
31.8054181,34.7817181,0.0,0.0,0.0,-0.008691883645951748,0.006954173557460308,-0.0002663156483322382,,  
31.8054181,34.7817181,0.0,0.0,0.0,-0.008691883645951748,0.006954173557460308,-0.0002663156483322382,,  
31.8054181,34.7817181,0.0,0.0,0.0,-0.008691883645951748,0.006954173557460308,-0.0002663156483322382,,  
31.8054181,34.7817181,0.0,0.0,0.0,-0.008691883645951748,0.006954173557460308,-0.0002663156483322382,,  
31.8054181,34.7817181,0.0,0.0,0.0,-0.008691883645951748,0.006954173557460308,-0.0002663156483322382,,  
31.8054181,34.7817181,0.0,0.0,0.0,-0.008691883645951748,0.006954173557460308,-0.0002663156483322382,,  
31.8054181,34.7817181,0.0,0.0,0.0,-0.008691883645951748,0.006954173557460308,-0.0002663156483322382,,  
31.8054181,34.7817181,0.0,0.0,0.0,-0.008691883645951748,0.006954173557460308,-0.0002663156483322382,,  
31.8054181,34.7817181,0.0,0.0,0.0,-0.008691883645951748,0.006954173557460308,-0.0002663156483322382,,  
31.8054181,34.7817181,0.0,0.0,0.0,-0.008691883645951748,0.006954173557460308,-0.0002663156483322382,,  
31.8054181,34.7817181,0.0,0.0,0.0,-0.008691883645951748,0.006954173557460308,-0.0002663156483322382,,  
31.8054181,34.7817181,0.0,0.0,0.0,-0.008691883645951748,0.006954173557460308,-0.0002663156483322382,,  
31.8054181,34.7817181,0.0,0.0,0.0,-0.008691883645951748,0.006954173557460308,-0.0002663156483322382,,  
31.8054181,34.7817181,0.0,0.0,0.0,-0.008691883645951748,0.006954173557460308,-0.0002663156483322382,,  
31.8054181,34.7817181,0.0,0.0,0.0,-0.00957072526216507,0.01989712566137314,-0.008362318389117718,,  
31.8054181,34.7817181,0.0,0.0,0.0,-0.00957072526216507,0.01989712566137314,-0.008362318389117718,,  
31.8054181,34.7817181,0.0,0.0,0.0,-0.00957072526216507,0.01989712566137314,-0.008362318389117718,,  
31.8054181,34.7817181,0.0,0.0,0.0,-0.00957072526216507,0.01989712566137314,-0.008362318389117718,,  
31.8054181,34.7817181,0.0,0.0,0.0,-0.00957072526216507,0.01989712566137314,-0.008362318389117718,,  
31.8054181,34.7817181,0.0,0.0,0.0,-0.00957072526216507,0.01989712566137314,-0.008362318389117718,,  
31.8054181,34.7817181,0.0,0.0,0.0,-0.00957072526216507,0.01989712566137314,-0.008362318389117718,,  
31.8054181,34.7817181,0.0,0.0,0.0,-0.00957072526216507,0.01989712566137314,-0.008362318389117718,,  
31.8054181,34.7817181,0.0,0.0,0.0,-0.00957072526216507,0.01989712566137314,-0.008362318389117718,,  
31.8054181,34.7817181,0.0,0.0,0.0,-0.00957072526216507,0.01989712566137314,-0.008362318389117718,,  
31.8054181,34.7817181,0.0,0.0,0.0,0.01804623194038868,-0.024790678173303604,0.00591221172362566,,  
31.8054181,34.7817181,0.0,0.0,0.0,0.01804623194038868,-0.024790678173303604,0.00591221172362566,,  
31.8054181,34.7817181,0.0,0.0,0.0,0.01804623194038868,-0.024790678173303604,0.00591221172362566,,  
31.8054181,34.7817181,0.0,0.0,0.0,0.01804623194038868,-0.024790678173303604,0.00591221172362566,,  
31.8054181,34.7817181,0.0,0.0,0.0,0.01804623194038868,-0.024790678173303604,0.00591221172362566,,  
31.8054181,34.7817181,0.0,0.0,0.0,0.01804623194038868,-0.024790678173303604,0.00591221172362566,,  
31.8054181,34.7817181,0.0,0.0,0.0,0.01804623194038868,-0.024790678173303604,0.00591221172362566,,  
31.8054181,34.7817181,0.0,0.0,0.0,0.01804623194038868,-0.024790678173303604,0.00591221172362566,,  
31.8054181,34.7817181,0.0,0.0,0.0,0.01804623194038868,-0.024790678173303604,0.00591221172362566,,  
31.8054181,34.7817181,0.0,0.0,0.0,0.01804623194038868,-0.024790678173303604,0.00591221172362566,,  
31.8054181,34.7817181,0.0,0.0,0.0,0.01804623194038868,-0.024790678173303604,0.00591221172362566,,  
31.8054181,34.7817181,0.0,0.0,0.0,0.01804623194038868,-0.024790678173303604,0.00591221172362566,,  
31.8054181,34.7817181,0.0,0.0,0.0,0.01804623194038868,-0.024790678173303604,0.00591221172362566,,  
31.8054181,34.7817181,0.0,0.0,0.0,0.01804623194038868,-0.024790678173303604,0.00591221172362566,,  
31.8054181,34.7817181,0.0,0.0,0.0,0.01804623194038868,-0.024790678173303604,0.00591221172362566,,  
31.8054181,34.7817181,0.0,0.0,0.0,0.01804623194038868,-0.024790678173303604,0.00591221172362566,,  
31.8054181,34.7817181,0.0,0.0,0.0,0.01804623194038868,-0.024790678173303604,0.00591221172362566,,  
31.8054181,34.7817181,0.0,0.0,0.0,0.01804623194038868,-0.024790678173303604,0.00591221172362566,,  
31.8054181,34.7817181,0.0,0.0,0.0,0.01804623194038868,-0.024790678173303604,0.00591221172362566,,  
31.8054181,34.7817181,0.0,0.0,0.0,0.01804623194038868,-0.024790678173303604,0.00591221172362566,,  
31.8054181,34.7817181,0.0,0.0,0.0,-0.00014314365398604423,0.004610593896359205,0.010120000690221786,,  
31.8054181,34.7817181,0.0,0.0,0.0,-0.00014314365398604423,0.004610593896359205,0.010120000690221786,,  
31.8054181,34.7817181,0.0,0.0,0.0,-0.00014314365398604423,0.004610593896359205,0.010120000690221786,,  
31.8054181,34.7817181,0.0,0.0,0.0,-0.00014314365398604423,0.004610593896359205,0.010120000690221786,,  
31.8054181,34.7817181,0.0,0.0,0.0,-0.00014314365398604423,0.004610593896359205,0.010120000690221786,,  
31.8054181,34.7817181,0.0,0.0,0.0,-0.00014314365398604423,0.004610593896359205,0.010120000690221786,,  
31.8054181,34.7817181,0.0,0.0,0.0,-0.00014314365398604423,0.004610593896359205,0.010120000690221786,,  
31.8054181,34.7817181,0.0,0.0,0.0,-0.00014314365398604423,0.004610593896359205,0.010120000690221786,,  
31.8054181,34.7817181,0.0,0.0,0.0,-0.00014314365398604423,0.004610593896359205,0.010120000690221786,,  
31.8054181,34.7817181,0.0,0.0,0.0,-0.00014314365398604423,0.004610593896359205,0.010120000690221786,,  
31.8054181,34.7817181,0.0,0.0,0.0,-0.00014314365398604423,0.004610593896359205,0.010120000690221786,,  
31.8054181,34.7817181,0.0,0.0,0.0,-0.00014314365398604423,0.004610593896359205,0.010120000690221786,,  
31.8054181,34.7817181,0.0,0.0,0.0,-0.00014314365398604423,0.004610593896359205,0.010120000690221786,,  
31.8054181,34.7817181,0.0,0.0,0.0,-0.00014314365398604423,0.004610593896359205,0.010120000690221786,,  
31.8054181,34.7817181,0.0,0.0,0.0,-0.00014314365398604423,0.004610593896359205,0.010120000690221786,,  
31.8054181,34.7817181,0.0,0.0,0.0,-0.00014314365398604423,0.004610593896359205,0.010120000690221786,,  
31.8054181,34.7817181,0.0,0.0,0.0,-0.00014314365398604423,0.004610593896359205,0.010120000690221786,,  
31.8054181,34.7817181,0.0,0.0,0.0,-0.00014314365398604423,0.004610593896359205,0.010120000690221786,,  
31.8054181,34.7817181,0.0,0.0,0.0,-0.00014314365398604423,0.004610593896359205,0.010120000690221786,,  
31.8054181,34.7817181,0.0,0.0,0.0,-0.00014314365398604423,0.004610593896359205,0.010120000690221786,,  
31.8054181,34.7817181,0.0,0.0,0.0,0.0009221191867254674,0.01068259496241808,-0.01416800543665886,,  
31.8054181,34.7817181,0.0,0.0,0.0,0.0009221191867254674,0.01068259496241808,-0.01416800543665886,,  
31.8054181,34.7817181,0.0,0.0,0.0,0.0009221191867254674,0.01068259496241808,-0.01416800543665886,,  
31.8054181,34.7817181,0.0,0.0,0.0,0.0009221191867254674,0.01068259496241808,-0.01416800543665886,,  
31.8054181,34.7817181,0.0,0.0,0.0,0.0009221191867254674,0.01068259496241808,-0.01416800543665886,,  
31.8054181,34.7817181,0.0,0.0,0.0,0.0009221191867254674,0.01068259496241808,-0.01416800543665886,,  
31.8054181,34.7817181,0.0,0.0,0.0,0.0009221191867254674,0.01068259496241808,-0.01416800543665886,,  
31.8054181,34.7817181,0.0,0.0,0.0,0.0009221191867254674,0.01068259496241808,-0.01416800543665886,,  
31.8054181,34.7817181,0.0,0.0,0.0,0.0009221191867254674,0.01068259496241808,-0.01416800543665886,,  
31.8054181,34.7817181,0.0,0.0,0.0,0.0009221191867254674,0.01068259496241808,-0.01416800543665886,,  
31.8054181,34.7817181,0.0,0.0,0.0,-0.018785255029797554,0.017660072073340416,-0.05840306729078293,,  
31.8054181,34.7817181,0.0,0.0,0.0,-0.018785255029797554,0.017660072073340416,-0.05840306729078293,,  
31.8054181,34.7817181,0.0,0.0,0.0,-0.018785255029797554,0.017660072073340416,-0.05840306729078293,,  
31.8054181,34.7817181,0.0,0.0,0.0,-0.018785255029797554,0.017660072073340416,-0.05840306729078293,,  
31.8054181,34.7817181,0.0,0.0,0.0,-0.018785255029797554,0.017660072073340416,-0.05840306729078293,,  
31.8054181,34.7817181,0.0,0.0,0.0,-0.018785255029797554,0.017660072073340416,-0.05840306729078293,,  
31.8054181,34.7817181,0.0,0.0,0.0,-0.018785255029797554,0.017660072073340416,-0.05840306729078293,,  
31.8054181,34.7817181,0.0,0.0,0.0,-0.018785255029797554,0.017660072073340416,-0.05840306729078293,,  
31.8054181,34.7817181,0.0,0.0,0.0,-0.018785255029797554,0.017660072073340416,-0.05840306729078293,,  
31.8054181,34.7817181,0.0,0.0,0.0,-0.018785255029797554,0.017660072073340416,-0.05840306729078293,,  
31.8054181,34.7817181,0.0,0.0,0.0,-0.06866622716188431,0.07406575977802277,-0.09171918034553528,,  
31.8054181,34.7817181,0.0,0.0,0.0,-0.06866622716188431,0.07406575977802277,-0.09171918034553528,,  
31.8054181,34.7817181,0.0,0.0,0.0,-0.06866622716188431,0.07406575977802277,-0.09171918034553528,,  
31.8054181,34.7817181,0.0,0.0,0.0,-0.06866622716188431,0.07406575977802277,-0.09171918034553528,,  
31.8054181,34.7817181,0.0,0.0,0.0,-0.06866622716188431,0.07406575977802277,-0.09171918034553528,,  
31.8054181,34.7817181,0.0,0.0,0.0,-0.06866622716188431,0.07406575977802277,-0.09171918034553528,,  
31.8054181,34.7817181,0.0,0.0,0.0,-0.06866622716188431,0.07406575977802277,-0.09171918034553528,,  
31.8054181,34.7817181,0.0,0.0,0.0,-0.06866622716188431,0.07406575977802277,-0.09171918034553528,,  
31.8054181,34.7817181,0.0,0.0,0.0,-0.06866622716188431,0.07406575977802277,-0.09171918034553528,,  
31.8054181,34.7817181,0.0,0.0,0.0,-0.06866622716188431,0.07406575977802277,-0.09171918034553528,,  
31.8054181,34.7817181,0.0,0.0,0.0,-0.06866622716188431,0.07406575977802277,-0.09171918034553528,,  
31.8054181,34.7817181,0.0,0.0,0.0,-0.06866622716188431,0.07406575977802277,-0.09171918034553528,,  
31.8054181,34.7817181,0.0,0.0,0.0,-0.06866622716188431,0.07406575977802277,-0.09171918034553528,,  
31.8054181,34.7817181,0.0,0.0,0.0,-0.06866622716188431,0.07406575977802277,-0.09171918034553528,,  
31.8054181,34.7817181,0.0,0.0,0.0,-0.06866622716188431,0.07406575977802277,-0.09171918034553528,,  
31.8054181,34.7817181,0.0,0.0,0.0,-0.06866622716188431,0.07406575977802277,-0.09171918034553528,,  
31.8054181,34.7817181,0.0,0.0,0.0,-0.06866622716188431,0.07406575977802277,-0.09171918034553528,,  
31.8054181,34.7817181,0.0,0.0,0.0,-0.06866622716188431,0.07406575977802277,-0.09171918034553528,,  
31.8054181,34.7817181,0.0,0.0,0.0,-0.06866622716188431,0.07406575977802277,-0.09171918034553528,,  
31.8054181,34.7817181,0.0,0.0,0.0,-0.06866622716188431,0.07406575977802277,-0.09171918034553528,,  
31.8054181,34.7817181,0.0,0.0,0.0,0.01660812832415104,-0.37941688299179077,-0.12154657393693924,,  
31.8054181,34.7817181,0.0,0.0,0.0,0.01660812832415104,-0.37941688299179077,-0.12154657393693924,,  
31.8054181,34.7817181,0.0,0.0,0.0,0.01660812832415104,-0.37941688299179077,-0.12154657393693924,,  
31.8054181,34.7817181,0.0,0.0,0.0,0.01660812832415104,-0.37941688299179077,-0.12154657393693924,,  
31.8054181,34.7817181,0.0,0.0,0.0,0.01660812832415104,-0.37941688299179077,-0.12154657393693924,,  
31.8054181,34.7817181,0.0,0.0,0.0,0.01660812832415104,-0.37941688299179077,-0.12154657393693924,,  
31.8054181,34.7817181,0.0,0.0,0.0,0.01660812832415104,-0.37941688299179077,-0.12154657393693924,,  
31.8054181,34.7817181,0.0,0.0,0.0,0.01660812832415104,-0.37941688299179077,-0.12154657393693924,,  
31.8054181,34.7817181,0.0,0.0,0.0,0.01660812832415104,-0.37941688299179077,-0.12154657393693924,,  
31.8054181,34.7817181,0.0,0.0,0.0,0.01660812832415104,-0.37941688299179077,-0.12154657393693924,,  
31.8054181,34.7817181,0.0,0.0,0.0,0.12105720490217209,-0.19187726080417633,-0.16724638640880585,,  
31.8054181,34.7817181,0.0,0.0,0.0,0.12105720490217209,-0.19187726080417633,-0.16724638640880585,,  
31.8054181,34.7817181,0.0,0.0,0.0,0.12105720490217209,-0.19187726080417633,-0.16724638640880585,,  
31.8054181,34.7817181,0.0,0.0,0.0,0.12105720490217209,-0.19187726080417633,-0.16724638640880585,,  
31.8054181,34.7817181,0.0,0.0,0.0,0.12105720490217209,-0.19187726080417633,-0.16724638640880585,,  
31.8054181,34.7817181,0.0,0.0,0.0,0.12105720490217209,-0.19187726080417633,-0.16724638640880585,,  
31.8054181,34.7817181,0.0,0.0,0.0,0.12105720490217209,-0.19187726080417633,-0.16724638640880585,,  
31.8054181,34.7817181,0.0,0.0,0.0,0.12105720490217209,-0.19187726080417633,-0.16724638640880585,,  
31.8054181,34.7817181,0.0,0.0,0.0,0.12105720490217209,-0.19187726080417633,-0.16724638640880585,,  
31.8054181,34.7817181,0.0,0.0,0.0,0.12105720490217209,-0.19187726080417633,-0.16724638640880585,,  
31.8054181,34.7817181,0.0,0.0,0.0,0.12105720490217209,-0.19187726080417633,-0.16724638640880585,,  
31.8054251,34.7817242,0.0,0.0,0.0,-0.18880127370357513,0.3599824607372284,-0.07731150835752487,,  
31.8054251,34.7817242,0.0,0.0,0.0,-0.18880127370357513,0.3599824607372284,-0.07731150835752487,,  
31.8054251,34.7817242,0.0,0.0,0.0,-0.18880127370357513,0.3599824607372284,-0.07731150835752487,,  
31.8054251,34.7817242,0.0,0.0,0.0,-0.18880127370357513,0.3599824607372284,-0.07731150835752487,,  
31.8054251,34.7817242,0.0,0.0,0.0,-0.18880127370357513,0.3599824607372284,-0.07731150835752487,,  
31.8054251,34.7817242,0.0,0.0,0.0,-0.18880127370357513,0.3599824607372284,-0.07731150835752487,,  
31.8054251,34.7817242,0.0,0.0,0.0,-0.18880127370357513,0.3599824607372284,-0.07731150835752487,,  
31.8054251,34.7817242,0.0,0.0,0.0,-0.18880127370357513,0.3599824607372284,-0.07731150835752487,,  
31.8054251,34.7817242,0.0,0.0,0.0,-0.18880127370357513,0.3599824607372284,-0.07731150835752487,,  
31.8054251,34.7817242,0.0,0.0,0.0,-0.18880127370357513,0.3599824607372284,-0.07731150835752487,,  
31.8054251,34.7817242,0.0,0.0,0.0,-0.18880127370357513,0.3599824607372284,-0.07731150835752487,,  
31.8054251,34.7817242,0.0,0.0,0.0,-0.18880127370357513,0.3599824607372284,-0.07731150835752487,,  
31.8054251,34.7817242,0.0,0.0,0.0,-0.18880127370357513,0.3599824607372284,-0.07731150835752487,,  
31.8054251,34.7817242,0.0,0.0,0.0,-0.18880127370357513,0.3599824607372284,-0.07731150835752487,,  
31.8054251,34.7817242,0.0,0.0,0.0,-0.18880127370357513,0.3599824607372284,-0.07731150835752487,,  
31.8054251,34.7817242,0.0,0.0,0.0,-0.18880127370357513,0.3599824607372284,-0.07731150835752487,,  
31.8054251,34.7817242,0.0,0.0,0.0,-0.18880127370357513,0.3599824607372284,-0.07731150835752487,,  
31.8054251,34.7817242,0.0,0.0,0.0,-0.18880127370357513,0.3599824607372284,-0.07731150835752487,,  
31.8054251,34.7817242,0.0,0.0,0.0,-0.18880127370357513,0.3599824607372284,-0.07731150835752487,,  
31.8054251,34.7817242,0.0,0.0,0.0,-0.18880127370357513,0.3599824607372284,-0.07731150835752487,,  
31.8054251,34.7817242,0.0,0.0,0.0,-0.035909369587898254,-0.2030092477798462,0.004713790491223335,,  
31.8054251,34.7817242,0.0,0.0,0.0,-0.035909369587898254,-0.2030092477798462,0.004713790491223335,,  
31.8054251,34.7817242,0.0,0.0,0.0,-0.035909369587898254,-0.2030092477798462,0.004713790491223335,,  
31.8054251,34.7817242,0.0,0.0,0.0,-0.035909369587898254,-0.2030092477798462,0.004713790491223335,,  
31.8054251,34.7817242,0.0,0.0,0.0,-0.035909369587898254,-0.2030092477798462,0.004713790491223335,,  
31.8054251,34.7817242,0.0,0.0,0.0,-0.035909369587898254,-0.2030092477798462,0.004713790491223335,,  
31.8054251,34.7817242,0.0,0.0,0.0,-0.035909369587898254,-0.2030092477798462,0.004713790491223335,,  
31.8054251,34.7817242,0.0,0.0,0.0,-0.035909369587898254,-0.2030092477798462,0.004713790491223335,,  
31.8054251,34.7817242,0.0,0.0,0.0,-0.035909369587898254,-0.2030092477798462,0.004713790491223335,,  
31.8054251,34.7817242,0.0,0.0,0.0,-0.035909369587898254,-0.2030092477798462,0.004713790491223335,,  
31.8054251,34.7817242,0.0,0.0,0.0,-0.035909369587898254,-0.2030092477798462,0.004713790491223335,,  
31.8054251,34.7817242,0.0,0.0,0.0,-0.035909369587898254,-0.2030092477798462,0.004713790491223335,,  
